,0,1,2,3
0,17036.376,13017.747,183.952,0.005735834129154682
1,14602.608,13721.409,91.976,0.003733152523636818
2,20991.249,14425.071000000002,229.94,0.008209032006561756
3,14298.386999999999,8443.944,183.952,0.007733306847512722
4,10343.514000000001,8092.113,183.952,0.005400344729423523
5,10647.735,8795.775,137.964,0.013613808900117874
6,22512.354,13017.747,367.904,0.007209991104900837
7,8822.409,23572.677000000003,137.964,0.0011135224485769868
8,7605.525,2462.817,137.964,0.0026097865775227547
9,18557.481,16887.888,137.964,0.0011213483521714807
10,11864.618999999999,10203.099,229.94,0.0026210062205791473
11,22208.132999999998,13721.409,183.952,0.009118153713643551
12,8213.966999999999,9851.268,45.988,0.006204740144312382
13,13385.723999999998,8443.944,275.928,0.015178848057985306
14,9126.63,9851.268,229.94,0.0026258565485477448
15,12168.84,9499.437,229.94,0.006646379828453064
16,10039.293,8092.113,91.976,0.016647636890411377
17,10647.735,15480.563999999998,137.964,0.012919861823320389
18,10951.956,16184.226,229.94,0.015497153624892235
19,16427.933999999997,14776.902,183.952,0.008153359405696392
20,9735.072,14776.902,229.94,0.0113430917263031
21,9735.072,9851.268,183.952,0.003751138225197792
22,16732.155,13721.409,229.94,0.006591791287064552
23,10647.735,13721.409,229.94,0.013659536838531494
24,9126.63,24276.339,321.916,0.0073685431852936745
25,11560.398000000001,9147.606,137.964,0.0037522250786423683
26,8822.409,11258.591999999999,45.988,0.007192342076450586
27,20687.028000000002,4573.803,459.88,0.0028955633752048016
28,7909.746,26387.325,275.928,0.0029934209305793047
29,4563.315,14425.071000000002,505.86800000000005,0.003130550030618906
30,21599.691000000003,11962.253999999999,367.904,0.0016670898767188191
31,7605.525,25331.832000000002,275.928,0.010325543582439423
32,12473.061000000002,12314.085,183.952,0.003482623491436243
33,9126.63,13721.409,459.88,0.0034093977883458138
34,7909.746,8092.113,183.952,0.0038667290937155485
35,7301.304,26035.494,275.928,0.002309255301952362
36,4867.536,15480.563999999998,505.86800000000005,0.008459871634840965
37,19774.365,4925.634,505.86800000000005,0.005297457799315453
38,14602.608,14776.902,137.964,0.004194346722215414
39,7909.746,3166.4790000000003,45.988,0.007844590581953526
40,11560.398000000001,13369.578000000001,137.964,0.002048155991360545
41,13689.945,10203.099,505.86800000000005,0.00377848232164979
42,11864.618999999999,16536.057,459.88,0.00685878423973918
43,13385.723999999998,13369.578000000001,91.976,0.01279246062040329
44,9430.851,3166.4790000000003,137.964,0.006062877364456654
45,13081.503,10203.099,275.928,0.006747724954038858
46,13081.503,15480.563999999998,45.988,0.0013194340281188488
47,10951.956,15128.733,459.88,0.004238930530846119
48,6084.42,16887.888,321.916,0.0037444569170475006
49,15515.271,15128.733,183.952,0.006047680974006653
50,14602.608,14425.071000000002,91.976,0.002797243185341358
51,11256.177,15480.563999999998,275.928,0.014567716047167778
52,10039.293,16887.888,183.952,0.0028998947236686945
53,16427.933999999997,14073.24,137.964,0.014120304957032204
54,16123.713,14776.902,229.94,0.0072167180478572845
55,6692.861999999999,14776.902,413.892,0.007012315094470978
56,9430.851,8092.113,229.94,0.00916711613535881
57,12777.282,8443.944,367.904,0.0028955633752048016
58,7301.304,24980.001,183.952,0.00668985303491354
59,12168.84,11962.253999999999,459.88,0.0020334189757704735
60,9430.851,7388.451,137.964,0.009690875187516212
61,7909.746,24628.17,275.928,0.015166938304901123
62,13081.503,9499.437,367.904,0.005583412479609251
63,8518.188,25683.662999999997,275.928,0.010016210377216339
64,12473.061000000002,14776.902,275.928,0.00436914898455143
65,20382.807,17591.55,137.964,1.6653677448630333e-05
66,4867.536,16536.057,413.892,0.006413554772734642
67,16732.155,12665.916000000001,45.988,0.0012237264309078455
68,10647.735,17239.718999999997,91.976,0.005927834659814835
69,9430.851,10554.93,45.988,0.01725918985903263
70,8518.188,26387.325,229.94,0.0028955633752048016
71,12168.84,17239.718999999997,137.964,0.003915729001164436
72,11864.618999999999,10203.099,45.988,0.0017081014811992645
73,11256.177,16887.888,91.976,0.010597260668873787
74,12777.282,8443.944,91.976,0.003510397858917713
75,7909.746,23220.846,275.928,0.005104882176965475
76,13385.723999999998,11258.591999999999,229.94,0.0029435711912810802
77,16123.713,15128.733,91.976,0.005433419719338417
78,13689.945,8443.944,229.94,0.015574755147099495
79,13994.166000000001,9499.437,137.964,0.00760255940258503
80,12473.061000000002,14425.071000000002,137.964,0.01268703117966652
81,16123.713,14776.902,91.976,0.011150635778903961
82,11256.177,14776.902,45.988,0.004324004985392094
83,8518.188,13369.578000000001,321.916,0.0026967185549438
84,20382.807,17239.718999999997,137.964,-1.0925810784101486e-05
85,13385.723999999998,9851.268,183.952,0.01785454899072647
86,4259.094,14776.902,505.86800000000005,0.00369271426461637
87,4867.536,14425.071000000002,321.916,0.0028955633752048016
88,22816.575,12665.916000000001,229.94,0.006240002810955048
89,9126.63,13721.409,275.928,0.013283789157867432
90,10039.293,15128.733,459.88,0.009088287129998207
91,12777.282,8443.944,275.928,0.006812339648604393
92,13081.503,9147.606,505.86800000000005,0.0040542930364608765
93,14298.386999999999,13721.409,229.94,0.0028955633752048016
94,12168.84,17239.718999999997,505.86800000000005,0.01231597550213337
95,8213.966999999999,2814.6479999999997,45.988,0.010447533801198006
96,13689.945,14425.071000000002,45.988,0.006365410052239895
97,7605.525,26035.494,229.94,0.003974579274654388
98,10951.956,15480.563999999998,45.988,0.008792556822299957
99,13994.166000000001,7740.281999999999,321.916,0.009885182604193687
100,17036.376,13721.409,91.976,0.005537153221666813
101,21903.912,13721.409,275.928,0.015643218532204628
102,8822.409,24276.339,367.904,0.006023075431585312
103,9126.63,13369.578000000001,367.904,0.007956852205097675
104,5780.1990000000005,14425.071000000002,413.892,0.006730673834681511
105,12777.282,7740.281999999999,229.94,0.0028955633752048016
106,7909.746,10203.099,45.988,0.0037476629950106144
107,19165.923,4221.972,459.88,0.006836524698883295
108,8822.409,9499.437,45.988,0.025328926742076874
109,5171.7570000000005,16536.057,367.904,0.008233239874243736
110,10039.293,1055.493,91.976,0.001275814836844802
111,9126.63,16184.226,459.88,0.0038266137707978487
112,20382.807,17943.381,137.964,0.00014045578427612782
113,12168.84,8443.944,45.988,0.0012076986022293568
114,13689.945,13017.747,229.94,0.0051682135090231895
115,12168.84,16184.226,45.988,0.004500390496104956
116,14298.386999999999,8092.113,321.916,0.012036126106977463
117,20078.586,16536.057,91.976,0.005824035964906216
118,14906.829,13017.747,137.964,0.0045146397314965725
119,12168.84,8795.775,45.988,0.0016980411019176245
120,19774.365,16184.226,45.988,0.006752342917025089
121,15515.271,14776.902,45.988,0.00661411602050066
122,13385.723999999998,9147.606,137.964,0.011334490031003952
123,22208.132999999998,12665.916000000001,367.904,0.0070659564808011055
124,8213.966999999999,26387.325,321.916,0.002674953080713749
125,15515.271,13369.578000000001,45.988,0.008862541988492012
126,5475.978,16184.226,459.88,0.013284318149089813
127,20991.249,13369.578000000001,321.916,0.009251212701201439
128,14602.608,14073.24,137.964,0.005672413855791092
129,11560.398000000001,10203.099,459.88,0.006683848798274994
130,11864.618999999999,14776.902,275.928,0.012020939961075783
131,19470.144,1759.155,459.88,0.002335237804800272
132,8822.409,1759.155,137.964,0.008885771036148071
133,12168.84,11610.423,459.88,0.0026840176433324814
134,10039.293,2462.817,45.988,0.006289805751293898
135,12777.282,13721.409,183.952,0.013945305719971657
136,9126.63,9147.606,91.976,0.030432680621743202
137,10343.514000000001,15832.395,505.86800000000005,0.010226771235466003
138,7301.304,23924.507999999998,183.952,0.005976828746497631
139,12168.84,14073.24,91.976,0.00961206667125225
140,12777.282,10554.93,137.964,0.01386992260813713
141,12168.84,9851.268,275.928,0.0019462440395727754
142,6692.861999999999,15128.733,367.904,0.0067054592072963715
143,13081.503,7388.451,321.916,0.002831027377396822
144,10951.956,14776.902,137.964,0.00818495824933052
145,9126.63,12314.085,275.928,0.0053165508434176445
146,13081.503,7740.281999999999,321.916,0.007018382661044598
147,13385.723999999998,11258.591999999999,459.88,0.004056855104863644
148,9126.63,25683.662999999997,321.916,0.005804591346532106
149,12777.282,7740.281999999999,321.916,0.0025485954247415066
150,21903.912,15128.733,321.916,0.0022947071120142937
151,20991.249,13721.409,275.928,0.01003314834088087
152,6084.42,14425.071000000002,413.892,0.007296113763004541
153,10951.956,14425.071000000002,321.916,0.015664275735616684
154,21599.691000000003,14776.902,183.952,0.0032977527007460594
155,10039.293,2814.6479999999997,45.988,0.005250508897006512
156,9126.63,14425.071000000002,505.86800000000005,0.009369057603180408
157,10343.514000000001,15832.395,229.94,0.011273723095655441
158,7301.304,24628.17,321.916,0.007739639841020107
159,12777.282,14776.902,229.94,0.006300906650722027
160,18861.702,3870.1409999999996,459.88,0.005972960963845253
161,19774.365,3166.4790000000003,459.88,0.009165259078145027
162,8822.409,10203.099,91.976,0.015531009063124657
163,13385.723999999998,12314.085,183.952,0.0028955633752048016
164,4563.315,14776.902,505.86800000000005,0.005635397974401712
165,9735.072,11962.253999999999,367.904,0.0025240641552954912
166,10039.293,15480.563999999998,505.86800000000005,0.013099441304802895
167,8822.409,9851.268,45.988,0.02348223514854908
168,10343.514000000001,14776.902,91.976,0.005476818419992924
169,11256.177,16184.226,367.904,0.002853517886251211
170,8213.966999999999,25683.662999999997,183.952,0.008042588829994202
171,14298.386999999999,13017.747,137.964,0.0025741849094629288
172,13994.166000000001,12665.916000000001,45.988,0.0015852069482207298
173,17340.596999999998,13721.409,229.94,0.0037875224370509386
174,15211.05,14425.071000000002,137.964,0.012015214189887047
175,20687.028000000002,14425.071000000002,367.904,0.00460120290517807
176,15515.271,14425.071000000002,45.988,0.008441573940217495
177,11864.618999999999,15832.395,91.976,0.01162511296570301
178,4867.536,16184.226,367.904,0.010574808344244957
179,13385.723999999998,7388.451,229.94,0.0025961054489016533
180,7301.304,24276.339,183.952,0.004755038768053055
181,13994.166000000001,7036.62,321.916,0.001887921942397952
182,5475.978,14073.24,321.916,0.002176401438191533
183,9735.072,8092.113,91.976,0.02076742984354496
184,13994.166000000001,9147.606,321.916,0.013522980734705925
185,13994.166000000001,9851.268,45.988,0.002220866736024618
186,7301.304,24628.17,183.952,0.006796589121222496
187,10951.956,15128.733,45.988,0.00726745231077075
188,4259.094,16536.057,321.916,0.002722334349527955
189,13081.503,15128.733,183.952,0.004623261280357838
190,12473.061000000002,9147.606,505.86800000000005,0.007202511187642813
191,7909.746,26035.494,321.916,0.002768502105027437
192,10647.735,15128.733,137.964,0.010679325088858604
193,15819.492,15480.563999999998,91.976,0.004012989811599255
194,19774.365,18647.043,45.988,0.0034945253282785416
195,13385.723999999998,10906.761,183.952,0.005835846997797489
196,13994.166000000001,8795.775,321.916,0.014280125498771667
197,16123.713,13369.578000000001,91.976,0.013332197442650795
198,21903.912,14425.071000000002,183.952,0.007798222359269857
199,19774.365,2110.986,459.88,0.002187765436246991
200,10647.735,15128.733,45.988,0.005581294186413288
201,12473.061000000002,10203.099,459.88,0.009561106562614441
202,18861.702,18295.212,137.964,0.0008458620868623257
203,13689.945,8443.944,367.904,0.009187746793031693
204,9430.851,16887.888,459.88,0.0022024093195796013
205,18861.702,4221.972,459.88,0.005721360445022583
206,12168.84,15832.395,183.952,0.01085565984249115
207,10343.514000000001,16184.226,275.928,0.0016368236392736435
208,14298.386999999999,13369.578000000001,45.988,0.0019762711599469185
209,13385.723999999998,8795.775,229.94,0.017796631902456284
210,13081.503,8443.944,183.952,0.010341791436076164
211,9126.63,13721.409,367.904,0.008128815330564976
212,14906.829,14073.24,45.988,0.005043522454798222
213,9735.072,9851.268,137.964,0.011720702052116394
214,8213.966999999999,8443.944,45.988,0.007692355662584305
215,10951.956,13017.747,275.928,0.007344022858887911
216,10647.735,17943.381,505.86800000000005,0.00658747274428606
217,6388.641,15832.395,505.86800000000005,0.005548155400902033
218,11256.177,15832.395,137.964,0.015899859368801117
219,11560.398000000001,15832.395,275.928,0.010629992000758648
220,10039.293,14776.902,183.952,0.010843206197023392
221,11864.618999999999,15480.563999999998,45.988,0.007233703974634409
222,21903.912,13017.747,275.928,0.01484062522649765
223,19165.923,17943.381,137.964,0.002081793500110507
224,12777.282,11610.423,45.988,0.000999057898297906
225,12473.061000000002,16184.226,459.88,0.002225821139290929
226,13385.723999999998,9147.606,275.928,0.0162519384175539
227,4259.094,15480.563999999998,367.904,0.005919906310737133
228,16123.713,14425.071000000002,137.964,0.014610767364501953
229,13689.945,15128.733,183.952,0.005430657882243395
230,10951.956,14776.902,459.88,0.004602156579494476
231,13689.945,12314.085,45.988,0.003085067495703697
232,16427.933999999997,13721.409,91.976,0.01258004829287529
233,10647.735,16536.057,459.88,0.003501676255837083
234,20382.807,18295.212,91.976,0.003291768953204155
235,11864.618999999999,8795.775,229.94,0.00237715314142406
236,20687.028000000002,13017.747,321.916,0.007635236252099276
237,7301.304,23572.677000000003,137.964,0.0017012485768646002
238,9126.63,11610.423,91.976,0.004373386036604643
239,10039.293,8795.775,183.952,0.01329202950000763
240,4259.094,16184.226,367.904,0.006267865654081106
241,7909.746,25331.832000000002,321.916,0.011423144489526749
242,10039.293,11962.253999999999,137.964,0.0003799272235482931
243,10039.293,13369.578000000001,367.904,0.008901461958885193
244,13689.945,9147.606,367.904,0.00897343922406435
245,12777.282,9851.268,45.988,0.005638868547976017
246,12473.061000000002,14073.24,137.964,0.014096315950155258
247,20687.028000000002,16887.888,45.988,0.003897549584507942
248,5171.7570000000005,15128.733,505.86800000000005,0.008992606773972511
249,12777.282,13017.747,183.952,0.011589482426643372
250,10951.956,15480.563999999998,459.88,0.003170746611431241
251,8213.966999999999,2462.817,91.976,0.010171357542276382
252,11560.398000000001,8795.775,505.86800000000005,0.0027209005784243345
253,9126.63,10554.93,45.988,0.016538452357053757
254,13385.723999999998,14776.902,183.952,0.009664293378591537
255,6997.0830000000005,24628.17,183.952,0.005188319832086563
256,12473.061000000002,8443.944,45.988,0.0012439662823453546
257,11256.177,14073.24,367.904,0.007352761458605528
258,13081.503,15128.733,229.94,0.00264455727301538
259,13689.945,15128.733,91.976,0.0036266790702939034
260,8213.966999999999,26035.494,321.916,0.0026775007136166096
261,14906.829,15128.733,137.964,0.0038499271031469107
262,10039.293,7740.281999999999,183.952,0.006574499420821667
263,10343.514000000001,11610.423,91.976,0.0024164454080164433
264,11864.618999999999,16184.226,367.904,0.0030656789895147085
265,9735.072,10906.761,45.988,0.011932723224163055
266,8822.409,1759.155,45.988,0.014966851100325584
267,8213.966999999999,24276.339,367.904,0.0076251826249063015
268,10951.956,16536.057,275.928,0.0023835203610360622
269,12168.84,10203.099,137.964,0.011524992063641548
270,8822.409,25683.662999999997,137.964,0.0018413894576951861
271,9735.072,1759.155,137.964,0.006602620705962181
272,22512.354,14776.902,367.904,0.0010965776164084673
273,10647.735,14425.071000000002,183.952,0.014041541144251823
274,14602.608,13369.578000000001,137.964,0.00350676360540092
275,11256.177,15832.395,459.88,0.0021550883539021015
276,7909.746,26035.494,137.964,0.002210107399150729
277,23120.796000000002,13017.747,275.928,0.006896916311234236
278,18557.481,18295.212,45.988,0.006294952239841223
279,11560.398000000001,15832.395,183.952,0.0187910757958889
280,9735.072,15832.395,183.952,0.00687031215056777
281,13081.503,12665.916000000001,45.988,0.0049234856851398945
282,10343.514000000001,14425.071000000002,183.952,0.01301405020058155
283,21295.47,11962.253999999999,229.94,0.0026927334256470203
284,10343.514000000001,7740.281999999999,91.976,0.007838775403797626
285,8822.409,13017.747,367.904,0.0028955633752048016
286,9735.072,8795.775,45.988,0.022131673991680145
287,18253.26,17943.381,45.988,0.00564475916326046
288,10039.293,15128.733,137.964,0.0030633804854005575
289,13385.723999999998,12665.916000000001,91.976,0.00365629605948925
290,5171.7570000000005,14073.24,505.86800000000005,0.001952162478119135
291,9126.63,3166.4790000000003,91.976,0.010673245415091515
292,9126.63,8443.944,183.952,0.018163563683629036
293,7301.304,26035.494,367.904,0.0022269836626946926
294,14906.829,9851.268,183.952,0.0014612735249102116
295,8213.966999999999,13369.578000000001,229.94,0.0028955633752048016
296,13081.503,11610.423,45.988,0.0010851225815713406
297,13385.723999999998,9147.606,183.952,0.017919374629855156
298,11256.177,16184.226,137.964,0.015635134652256966
299,17340.596999999998,13369.578000000001,91.976,0.002709935186430812
300,14602.608,14073.24,229.94,0.0028955633752048016
301,4867.536,15128.733,505.86800000000005,0.007925925776362419
302,14602.608,8092.113,321.916,0.00915287435054779
303,10039.293,16887.888,229.94,0.0019082960207015276
304,9126.63,24980.001,321.916,0.00767897255718708
305,14298.386999999999,9147.606,321.916,0.012955358251929283
306,18253.26,16887.888,137.964,0.00050161755643785
307,9735.072,16184.226,229.94,0.0028955633752048016
308,12473.061000000002,14073.24,45.988,0.008338423445820808
309,20078.586,16887.888,137.964,0.0010923208901658654
310,11256.177,15832.395,45.988,0.009610246866941452
311,4867.536,15832.395,321.916,0.008078698068857193
312,6692.861999999999,16184.226,413.892,0.008061664178967476
313,8213.966999999999,15480.563999999998,505.86800000000005,0.005230297334492207
314,11864.618999999999,14425.071000000002,91.976,0.004094304516911507
315,10647.735,11258.591999999999,45.988,0.006934377830475569
316,10647.735,9147.606,137.964,0.009739778935909271
317,13081.503,10203.099,91.976,0.012017849832773209
318,11560.398000000001,14073.24,183.952,0.007123960647732019
319,14906.829,9147.606,367.904,0.0040407441556453705
320,14906.829,8443.944,183.952,0.0028111785650253296
321,10039.293,7740.281999999999,229.94,0.004740048665553331
322,13994.166000000001,7036.62,229.94,0.000591580756008625
323,9735.072,3166.4790000000003,91.976,0.007980593480169773
324,15515.271,12314.085,45.988,0.0021371780894696712
325,18253.26,16536.057,45.988,0.005916847847402096
326,9430.851,14425.071000000002,321.916,0.011359712108969688
327,10647.735,13369.578000000001,367.904,0.0037574199959635735
328,11256.177,13369.578000000001,367.904,0.002582758432254195
329,11864.618999999999,16184.226,45.988,0.0076115489937365055
330,15515.271,15128.733,137.964,0.007135819178074598
331,6997.0830000000005,25683.662999999997,275.928,0.0038067863788455725
332,10343.514000000001,15832.395,321.916,0.005532586015760899
333,15819.492,14776.902,91.976,0.011473463848233223
334,15515.271,14776.902,91.976,0.010252909734845161
335,11560.398000000001,10203.099,183.952,0.004083552863448858
336,8213.966999999999,23924.507999999998,183.952,0.009979678317904472
337,13689.945,15128.733,45.988,0.0028955633752048016
338,9126.63,11258.591999999999,91.976,0.008225196972489357
339,8822.409,9147.606,137.964,0.023130889981985092
340,14906.829,9499.437,229.94,0.0039973510429263115
341,8518.188,7740.281999999999,137.964,0.01299087144434452
342,13689.945,8795.775,137.964,0.00602533295750618
343,11864.618999999999,15832.395,321.916,0.006273839622735977
344,5780.1990000000005,16184.226,413.892,0.01311660185456276
345,9735.072,15832.395,505.86800000000005,0.012686649337410927
346,6997.0830000000005,25683.662999999997,137.964,0.0021229952108114958
347,18861.702,17239.718999999997,137.964,0.0021932367235422134
348,10039.293,12314.085,183.952,0.0035042897798120975
349,14298.386999999999,7388.451,229.94,0.0025881275068968534
350,11864.618999999999,10203.099,91.976,0.004479269031435251
351,9430.851,24276.339,321.916,0.004900638945400715
352,9735.072,3518.31,137.964,0.0028819041326642036
353,20078.586,17591.55,45.988,0.009245123714208603
354,10039.293,15832.395,275.928,0.0026870882138609886
355,13081.503,9851.268,367.904,0.004846884869039059
356,11864.618999999999,9147.606,275.928,0.0008201401215046644
357,11864.618999999999,17239.718999999997,505.86800000000005,0.0137561596930027
358,7605.525,23220.846,367.904,0.0019603476393967867
359,13689.945,8443.944,45.988,0.00170792150311172
360,9430.851,13369.578000000001,275.928,0.014729151502251625
361,14298.386999999999,9147.606,275.928,0.01427299715578556
362,10343.514000000001,9499.437,91.976,0.0088490080088377
363,20382.807,2814.6479999999997,459.88,0.00595550611615181
364,10647.735,14776.902,275.928,0.01777007430791855
365,9126.63,10203.099,45.988,0.022062044590711594
366,8822.409,26035.494,229.94,0.0064468830823898315
367,12777.282,13369.578000000001,229.94,0.008745962753891945
368,22208.132999999998,14073.24,183.952,0.008491398766636848
369,8213.966999999999,3166.4790000000003,91.976,0.00774356909096241
370,11864.618999999999,14425.071000000002,137.964,0.007469221018254757
371,16123.713,12665.916000000001,45.988,0.0025011482648551464
372,11256.177,16887.888,137.964,0.011781584471464157
373,12473.061000000002,15128.733,275.928,0.002664879895746708
374,6084.42,16887.888,367.904,0.004302391782402992
375,10039.293,13017.747,275.928,0.011746218428015709
376,20991.249,14776.902,229.94,0.006511520594358444
377,11864.618999999999,16887.888,229.94,0.0025303340516984463
378,21903.912,14073.24,367.904,0.008829214610159397
379,12168.84,16887.888,229.94,0.002233713399618864
380,14906.829,9147.606,183.952,0.001940323505550623
381,8518.188,14425.071000000002,321.916,0.003592744702473283
382,12473.061000000002,13017.747,137.964,0.010270413011312485
383,11864.618999999999,9499.437,91.976,0.003465808928012848
384,13994.166000000001,10203.099,91.976,0.00475586811080575
385,9430.851,10554.93,91.976,0.011307712644338608
386,20687.028000000002,12665.916000000001,321.916,0.006025249138474464
387,19470.144,16184.226,137.964,0.0003719269298017025
388,10039.293,14776.902,367.904,0.009511226788163185
389,16123.713,14425.071000000002,45.988,0.008782941848039627
390,21295.47,15128.733,183.952,0.0028955633752048016
391,8213.966999999999,3166.4790000000003,137.964,0.005336500704288483
392,10039.293,9851.268,45.988,0.015981610864400864
393,9430.851,15480.563999999998,459.88,0.009137398563325405
394,8822.409,13721.409,321.916,0.008171629160642624
395,14298.386999999999,8092.113,275.928,0.013471098616719246
396,10951.956,14425.071000000002,275.928,0.01749679632484913
397,10951.956,17239.718999999997,505.86800000000005,0.011898577213287354
398,18861.702,18295.212,45.988,0.009975362569093704
399,14906.829,9147.606,229.94,0.0036884115543216467
400,23120.796000000002,13017.747,183.952,0.0036085438914597034
401,13081.503,13369.578000000001,91.976,0.013526229187846184
402,5780.1990000000005,16887.888,459.88,0.0028955633752048016
403,10343.514000000001,14776.902,275.928,0.01796773262321949
404,14298.386999999999,7388.451,367.904,0.0018327495781704783
405,18861.702,18998.874,45.988,0.0021123974584043026
406,9430.851,25683.662999999997,229.94,0.0021700458601117134
407,11864.618999999999,8795.775,91.976,0.003074841806665063
408,21295.47,12665.916000000001,367.904,0.005220650229603052
409,10647.735,8795.775,183.952,0.009535228833556175
410,20382.807,3870.1409999999996,505.86800000000005,0.010288592427968979
411,14906.829,13721.409,229.94,0.0036221847403794527
412,12777.282,9147.606,137.964,0.012763459235429764
413,13689.945,14776.902,229.94,0.00613862369209528
414,4259.094,16184.226,321.916,0.004029401112347841
415,12777.282,9147.606,183.952,0.016159815713763237
416,16427.933999999997,13721.409,229.94,0.008483629673719406
417,9430.851,23924.507999999998,229.94,0.003240539925172925
418,11560.398000000001,13369.578000000001,321.916,0.0029500580858439207
419,18861.702,4573.803,459.88,0.004243514500558376
420,21295.47,12314.085,229.94,0.005748931784182787
421,22208.132999999998,13017.747,183.952,0.00869351252913475
422,9126.63,7388.451,183.952,0.00488875899463892
423,13689.945,10906.761,459.88,0.003556131152436137
424,9126.63,24276.339,275.928,0.009231670759618282
425,11864.618999999999,10203.099,505.86800000000005,0.013228563591837883
426,12777.282,7740.281999999999,183.952,0.0017483436968177557
427,10343.514000000001,13721.409,275.928,0.017054108902812004
428,13081.503,13721.409,137.964,0.015808939933776855
429,7909.746,10906.761,137.964,-0.001740829087793827
430,11560.398000000001,15480.563999999998,367.904,0.007836583070456982
431,10343.514000000001,17239.718999999997,505.86800000000005,0.0068915956653654575
432,13689.945,13369.578000000001,229.94,0.006987603846937418
433,11560.398000000001,16887.888,45.988,0.006375250406563282
434,18557.481,16184.226,45.988,0.006883875001221895
435,10343.514000000001,16536.057,459.88,0.0031169233843684196
436,15819.492,13017.747,229.94,0.00851397030055523
437,12777.282,9499.437,505.86800000000005,0.010707397013902664
438,10039.293,16536.057,183.952,0.0033268744591623545
439,11256.177,14073.24,275.928,0.014099923893809319
440,20382.807,18295.212,45.988,0.005435213912278414
441,16427.933999999997,14073.24,183.952,0.012734305113554
442,9430.851,7036.62,91.976,0.004533781204372644
443,21599.691000000003,13721.409,321.916,0.013432081788778305
444,14906.829,14776.902,91.976,0.00452991109341383
445,14906.829,8092.113,275.928,0.004277287982404232
446,9430.851,25331.832000000002,183.952,0.002628600224852562
447,12777.282,13017.747,229.94,0.007590695284307003
448,16427.933999999997,12665.916000000001,183.952,0.005327390506863594
449,11560.398000000001,14776.902,367.904,0.008496269583702087
450,11864.618999999999,13721.409,229.94,0.0050399755127727985
451,4867.536,16887.888,505.86800000000005,0.0006342378910630941
452,9430.851,23924.507999999998,137.964,0.0016353325918316841
453,4867.536,16184.226,321.916,0.006852786522358656
454,11864.618999999999,15128.733,275.928,0.012098792940378189
455,8518.188,10554.93,183.952,0.000961722107604146
456,14602.608,10203.099,367.904,0.0023958825040608644
457,10039.293,16536.057,229.94,0.0019628102891147137
458,13994.166000000001,10203.099,275.928,0.002340080915018916
459,18557.481,17591.55,91.976,0.008188758045434952
460,10647.735,14073.24,275.928,0.018888425081968307
461,11256.177,16887.888,45.988,0.0072359140031039715
462,14298.386999999999,8443.944,367.904,0.008574091829359531
463,11864.618999999999,14073.24,45.988,0.0028955633752048016
464,9126.63,1407.3239999999998,91.976,0.011836173012852669
465,10343.514000000001,8795.775,229.94,0.005958971567451954
466,5780.1990000000005,16887.888,413.892,0.003440174972638488
467,16427.933999999997,13017.747,45.988,0.005002182442694902
468,6388.641,15480.563999999998,413.892,0.008700362406671047
469,14298.386999999999,10203.099,91.976,0.005268832668662071
470,13385.723999999998,13017.747,45.988,0.007162085268646479
471,10343.514000000001,11610.423,137.964,0.000615950208157301
472,13385.723999999998,7740.281999999999,183.952,0.0022452224511653185
473,13994.166000000001,10554.93,229.94,0.005983706563711166
474,5780.1990000000005,15480.563999999998,413.892,0.015352098271250725
475,8518.188,26035.494,321.916,0.004166345112025738
476,10343.514000000001,10203.099,91.976,0.005170315504074097
477,16427.933999999997,14425.071000000002,45.988,0.00770785566419363
478,20078.586,4925.634,459.88,0.0034085670486092567
479,10343.514000000001,8092.113,45.988,0.007505225483328104
480,10039.293,14073.24,367.904,0.010502281598746777
481,7909.746,3166.4790000000003,137.964,0.00425478583201766
482,10039.293,13017.747,229.94,0.010702443309128284
483,13081.503,8443.944,91.976,0.004285022616386414
484,15515.271,14776.902,229.94,0.0066041406244039536
485,10951.956,17239.718999999997,45.988,0.0028333114460110664
486,8213.966999999999,26035.494,367.904,0.001558154122903943
487,7909.746,24276.339,367.904,0.00724562956020236
488,8213.966999999999,14073.24,367.904,0.0023484411649405956
489,17949.039,16887.888,91.976,0.004671853501349688
490,6084.42,14776.902,459.88,0.009045634418725967
491,16427.933999999997,13369.578000000001,137.964,0.01284501887857914
492,8213.966999999999,8443.944,183.952,0.006100251339375973
493,22208.132999999998,11962.253999999999,229.94,0.0028955633752048016
494,9126.63,12314.085,367.904,0.001582711236551404
495,6084.42,14073.24,367.904,0.004867943469434977
496,13994.166000000001,14776.902,91.976,0.0037592656444758177
497,12473.061000000002,10203.099,91.976,0.01128280721604824
498,14298.386999999999,10203.099,137.964,0.004230000078678131
499,10951.956,16887.888,505.86800000000005,0.010912947356700897
500,14906.829,15128.733,183.952,0.004441181663423777
501,9735.072,15480.563999999998,321.916,0.005129174329340458
502,8822.409,14425.071000000002,321.916,0.004017387982457876
503,17340.596999999998,13369.578000000001,229.94,0.0029330947436392307
504,14602.608,9851.268,367.904,0.003533393843099475
505,16427.933999999997,12665.916000000001,229.94,0.0022928952239453793
506,6084.42,16536.057,505.86800000000005,0.005935752764344215
507,20687.028000000002,13369.578000000001,367.904,0.005566372536122799
508,9126.63,14425.071000000002,183.952,0.0069558811374008656
509,12777.282,12314.085,229.94,0.0023644559551030397
510,15515.271,14425.071000000002,91.976,0.012878187000751495
511,20687.028000000002,4221.972,505.86800000000005,0.005208314396440983
512,20078.586,3518.31,459.88,0.008500455878674984
513,10647.735,14425.071000000002,45.988,0.0028955633752048016
514,8213.966999999999,24980.001,321.916,0.013062380254268646
515,10647.735,14425.071000000002,459.88,0.005082392133772373
516,14298.386999999999,7740.281999999999,275.928,0.007629584055393934
517,12168.84,15480.563999999998,321.916,0.004378127865493298
518,15515.271,13721.409,91.976,0.013686778023838997
519,7909.746,10906.761,45.988,0.002071912633255124
520,12168.84,16887.888,137.964,0.003443710505962372
521,16732.155,13369.578000000001,137.964,0.009077617898583412
522,10343.514000000001,8795.775,137.964,0.012051321566104889
523,14602.608,13017.747,45.988,0.0008165126200765371
524,19774.365,17239.718999999997,137.964,0.0011759732151404023
525,8213.966999999999,11258.591999999999,45.988,0.003156184684485197
526,8518.188,25331.832000000002,137.964,0.0034632915630936623
527,13081.503,17239.718999999997,505.86800000000005,0.001971749123185873
528,19165.923,16184.226,137.964,0.0006652506999671459
529,7301.304,26035.494,183.952,0.0026190998032689095
530,5780.1990000000005,14776.902,413.892,0.01297500729560852
531,5171.7570000000005,16887.888,413.892,0.0036088551860302687
532,13689.945,11258.591999999999,137.964,0.006632225587964058
533,21295.47,13017.747,183.952,0.00702979089692235
534,8822.409,2110.986,137.964,0.009422702714800835
535,12473.061000000002,18647.043,505.86800000000005,0.001715000020340085
536,11560.398000000001,16887.888,137.964,0.010895704850554466
537,11256.177,15480.563999999998,137.964,0.014969557523727417
538,20687.028000000002,2814.6479999999997,505.86800000000005,0.004811491351574659
539,10343.514000000001,11258.591999999999,91.976,0.002570403041318059
540,10647.735,17239.718999999997,505.86800000000005,0.008397567085921764
541,9126.63,1055.493,45.988,0.005222898442298174
542,9126.63,16184.226,505.86800000000005,0.005485564935952425
543,13385.723999999998,9499.437,459.88,0.004378288518637419
544,8213.966999999999,2814.6479999999997,91.976,0.009157128632068634
545,18861.702,2462.817,459.88,0.005195446312427521
546,11864.618999999999,10906.761,275.928,0.0017067892476916313
547,9126.63,14776.902,459.88,0.007888875901699066
548,13994.166000000001,8092.113,183.952,0.007641308009624481
549,9735.072,9499.437,137.964,0.01859169267117977
550,9735.072,3166.4790000000003,45.988,0.008566122502088547
551,8213.966999999999,8443.944,229.94,0.002168117556720972
552,12168.84,16536.057,137.964,0.004457325674593449
553,8213.966999999999,23924.507999999998,275.928,0.013303853571414948
554,17036.376,13369.578000000001,229.94,0.004054754972457886
555,16123.713,14073.24,229.94,0.009380956180393696
556,10343.514000000001,16184.226,505.86800000000005,0.007461832836270332
557,21903.912,13017.747,183.952,0.008896838873624802
558,4563.315,15832.395,367.904,0.009615139104425907
559,16123.713,12314.085,45.988,0.0018828418105840683
560,20687.028000000002,13017.747,183.952,0.005533473566174507
561,12777.282,11258.591999999999,137.964,0.006090061739087105
562,17036.376,14425.071000000002,183.952,0.006455687806010246
563,4563.315,14073.24,413.892,0.0029835922177881002
564,12473.061000000002,16887.888,137.964,0.0038287625648081303
565,5780.1990000000005,15832.395,367.904,0.013318313285708427
566,8518.188,8795.775,91.976,0.024150807410478592
567,18557.481,16184.226,137.964,0.00032566278241574764
568,10647.735,14776.902,459.88,0.005076843313872814
569,6388.641,15480.563999999998,367.904,0.008059008046984673
570,13689.945,8092.113,229.94,0.013093138113617897
571,19774.365,15832.395,137.964,3.433483652770519e-05
572,10343.514000000001,18295.212,459.88,0.004079786129295826
573,21903.912,12314.085,321.916,0.004840450827032328
574,13689.945,13017.747,137.964,0.008262227289378643
575,14298.386999999999,8443.944,229.94,0.013189166784286499
576,9126.63,8092.113,45.988,0.019876088947057724
577,8213.966999999999,14073.24,275.928,0.003517438657581806
578,22208.132999999998,13017.747,275.928,0.014399474486708641
579,13385.723999999998,14073.24,229.94,0.008805176243185997
580,7301.304,24276.339,137.964,-0.00012569944374263287
581,8822.409,10203.099,137.964,0.006680489517748356
582,19470.144,17591.55,91.976,0.010115940123796463
583,10039.293,14425.071000000002,229.94,0.016307169571518898
584,10039.293,16184.226,137.964,0.004040392115712166
585,10647.735,16887.888,459.88,0.0056349122896790504
586,8822.409,25331.832000000002,137.964,0.00272581959143281
587,9126.63,11258.591999999999,45.988,0.010622840374708176
588,10647.735,15480.563999999998,459.88,0.005340400151908398
589,4259.094,16536.057,367.904,0.003551245667040348
590,4259.094,15128.733,413.892,0.007004273124039173
591,12168.84,12665.916000000001,91.976,0.005304048303514719
592,12777.282,10906.761,183.952,0.010320363566279411
593,11864.618999999999,9499.437,229.94,0.002468847669661045
594,8822.409,15128.733,229.94,0.0046290019527077675
595,13081.503,13369.578000000001,137.964,0.014853646978735924
596,9430.851,14425.071000000002,505.86800000000005,0.011002544313669205
597,12168.84,11258.591999999999,137.964,0.005732113961130381
598,7909.746,23572.677000000003,229.94,0.007914546877145767
599,11560.398000000001,14776.902,321.916,0.013562332838773727
600,12777.282,11258.591999999999,91.976,0.0033381395041942596
601,8822.409,7388.451,137.964,0.007552154827862978
602,13689.945,8795.775,321.916,0.013919848948717117
603,12168.84,13017.747,183.952,0.007272111717611551
604,14602.608,13721.409,183.952,0.0038188626058399677
605,10039.293,15480.563999999998,275.928,0.007477556820958853
606,22208.132999999998,14425.071000000002,229.94,0.010806137695908546
607,12168.84,13369.578000000001,183.952,0.009478293359279633
608,12168.84,13721.409,45.988,0.006472707726061344
609,22512.354,14073.24,367.904,0.006935781333595514
610,11560.398000000001,15128.733,321.916,0.013432832434773445
611,9735.072,15832.395,91.976,0.0037279389798641205
612,9735.072,13017.747,321.916,0.01260184682905674
613,11560.398000000001,9499.437,275.928,0.00029164296574890614
614,20687.028000000002,3518.31,459.88,0.0038851038552820683
615,12473.061000000002,15832.395,229.94,0.004462789744138718
616,19470.144,18647.043,91.976,0.002924733329564333
617,10647.735,16184.226,45.988,0.008182596415281296
618,7909.746,25331.832000000002,275.928,0.013514241203665733
619,13689.945,10906.761,183.952,0.006519651506096125
620,20382.807,4573.803,505.86800000000005,0.0060406276024878025
621,14906.829,14073.24,91.976,0.007188722025603056
622,16427.933999999997,13369.578000000001,229.94,0.007614707574248314
623,17036.376,13017.747,91.976,0.005381827242672443
624,8213.966999999999,10554.93,137.964,-8.3492835983634e-05
625,9735.072,11258.591999999999,137.964,0.00048349262215197086
626,11256.177,14425.071000000002,183.952,0.010683146305382252
627,12168.84,15480.563999999998,137.964,0.008795276284217834
628,9735.072,14776.902,321.916,0.011391019448637962
629,9735.072,11962.253999999999,321.916,0.0036722030490636826
630,13385.723999999998,7740.281999999999,367.904,0.004655813332647085
631,14298.386999999999,13017.747,45.988,0.0012861702125519514
632,15211.05,13017.747,137.964,0.007004306651651859
633,10647.735,14073.24,229.94,0.01685686595737934
634,9735.072,3518.31,91.976,0.004056934267282486
635,13689.945,7036.62,321.916,-0.0003175751771777868
636,23120.796000000002,14073.24,367.904,0.0028955633752048016
637,9735.072,8092.113,45.988,0.016051001846790314
638,20078.586,16536.057,45.988,0.009165395982563496
639,5780.1990000000005,15480.563999999998,505.86800000000005,0.009134406223893166
640,14298.386999999999,10554.93,45.988,0.0017348384717479348
641,7909.746,9147.606,45.988,0.004942183382809162
642,9126.63,2814.6479999999997,45.988,0.014629052951931953
643,8822.409,14776.902,321.916,0.0036056782118976116
644,21599.691000000003,12314.085,321.916,0.003748660208657384
645,10343.514000000001,1407.3239999999998,91.976,0.001492143259383738
646,8518.188,1055.493,91.976,0.005912414751946926
647,8822.409,8795.775,137.964,0.024834634736180305
648,10343.514000000001,2814.6479999999997,91.976,0.0067124743945896626
649,19470.144,3518.31,505.86800000000005,0.01427462138235569
650,12777.282,8795.775,505.86800000000005,0.002831979189068079
651,13994.166000000001,12665.916000000001,229.94,0.0015788116725161672
652,7605.525,25683.662999999997,229.94,0.006496950052678585
653,11560.398000000001,10554.93,137.964,0.0068413689732551575
654,8518.188,24628.17,183.952,0.011177439242601395
655,10343.514000000001,14073.24,183.952,0.01142614334821701
656,11256.177,10906.761,459.88,0.0044767283834517
657,8822.409,25683.662999999997,321.916,0.00569659098982811
658,4867.536,15480.563999999998,321.916,0.008652702905237675
659,12168.84,10203.099,505.86800000000005,0.014125967398285866
660,8518.188,8092.113,91.976,0.01924940012395382
661,13994.166000000001,13721.409,45.988,0.004194508772343397
662,12473.061000000002,10554.93,183.952,0.012643329799175262
663,13689.945,13369.578000000001,183.952,0.01090436801314354
664,11560.398000000001,13721.409,91.976,0.004910913296043873
665,13081.503,8795.775,321.916,0.009971296414732933
666,20687.028000000002,13369.578000000001,183.952,0.005395790562033653
667,12168.84,14073.24,183.952,0.012393707409501076
668,8822.409,1055.493,45.988,0.0060129109770059586
669,9735.072,1759.155,91.976,0.009218416176736355
670,17036.376,13721.409,183.952,0.005558032542467117
671,10343.514000000001,16887.888,459.88,0.0024341719690710306
672,5171.7570000000005,15832.395,505.86800000000005,0.008959738537669182
673,4563.315,14425.071000000002,367.904,0.005437852349132299
674,9126.63,23572.677000000003,367.904,0.0015934479888528585
675,12777.282,8795.775,459.88,0.0019245591247454286
676,9126.63,9851.268,137.964,0.015868904069066048
677,9430.851,24980.001,229.94,0.0020174633245915174
678,19470.144,15832.395,91.976,0.001703256624750793
679,15211.05,14073.24,229.94,0.007662276271730661
680,6084.42,15128.733,505.86800000000005,0.007261015009135008
681,10039.293,7388.451,137.964,0.004511978477239609
682,11864.618999999999,14425.071000000002,45.988,0.0028955633752048016
683,22816.575,14776.902,275.928,0.0028128952253609896
684,10951.956,15128.733,275.928,0.01616515778005123
685,8518.188,25683.662999999997,229.94,0.009590044617652893
686,19470.144,18295.212,91.976,0.007169810123741627
687,14906.829,9499.437,183.952,0.002030024304986
688,19165.923,17591.55,45.988,0.014673043042421341
689,10647.735,16536.057,229.94,0.005153658799827099
690,9126.63,23924.507999999998,137.964,0.0014932956546545029
691,10951.956,17591.55,229.94,0.002176704816520214
692,21903.912,14425.071000000002,321.916,0.011172289028763771
693,11256.177,15128.733,321.916,0.014161892235279083
694,9430.851,3166.4790000000003,91.976,0.009451083838939667
695,15211.05,8443.944,229.94,0.006556821055710316
696,8822.409,7388.451,229.94,0.0037402373272925615
697,10039.293,16184.226,505.86800000000005,0.008814439177513123
698,10343.514000000001,2110.986,137.964,0.0018244752427563071
699,9735.072,7036.62,91.976,0.0036919061094522476
700,22816.575,14425.071000000002,321.916,0.006469632964581251
701,12473.061000000002,11258.591999999999,183.952,0.007082841824740171
702,10647.735,16536.057,367.904,0.0003606928512454033
703,8213.966999999999,9147.606,137.964,0.009624783881008625
704,12473.061000000002,8443.944,367.904,0.002186090685427189
705,13994.166000000001,9147.606,91.976,0.006299533881247044
706,14602.608,8795.775,183.952,0.0029427523259073496
707,6388.641,14776.902,505.86800000000005,0.004804303403943777
708,6692.861999999999,15128.733,459.88,0.0066711208783090115
709,4563.315,14776.902,321.916,0.0055880239233374596
710,9430.851,2814.6479999999997,137.964,0.008082805201411247
711,8822.409,9147.606,229.94,0.006988480221480131
712,9430.851,14073.24,229.94,0.012666724622249603
713,10039.293,16536.057,459.88,0.0028860843740403652
714,8822.409,24276.339,183.952,0.00894071999937296
715,12168.84,14776.902,183.952,0.013610374182462692
716,11256.177,14073.24,229.94,0.010551534593105316
717,16427.933999999997,14425.071000000002,91.976,0.011497555300593376
718,10951.956,17591.55,91.976,0.0028955633752048016
719,5475.978,16887.888,459.88,0.0028955633752048016
720,10039.293,11962.253999999999,91.976,0.0020187420304864645
721,10039.293,13369.578000000001,183.952,0.0087219113484025
722,14298.386999999999,8795.775,229.94,0.013861831277608871
723,13385.723999999998,15480.563999999998,91.976,0.002715230919420719
724,12473.061000000002,11258.591999999999,229.94,0.00548543781042099
725,11560.398000000001,16887.888,505.86800000000005,0.013288242742419243
726,13689.945,13721.409,45.988,0.007467981893569231
727,13385.723999999998,9851.268,321.916,0.006984279956668615
728,20991.249,12665.916000000001,275.928,0.007376513909548521
729,15211.05,13369.578000000001,183.952,0.009637060575187206
730,9735.072,16887.888,459.88,0.0019784467294812202
731,7605.525,24276.339,137.964,0.001685721566900611
732,12168.84,18998.874,459.88,0.0014914583880454302
733,11560.398000000001,16184.226,321.916,0.0038224223535507917
734,12777.282,15480.563999999998,137.964,0.002641787752509117
735,11256.177,16184.226,45.988,0.009473757818341255
736,9126.63,23572.677000000003,321.916,0.0025218683294951916
737,8518.188,8443.944,91.976,0.021691439673304558
738,12777.282,11258.591999999999,45.988,0.0014940750552341342
739,8518.188,2814.6479999999997,137.964,0.007541097700595856
740,9735.072,16184.226,183.952,0.0045629628002643585
741,12473.061000000002,10203.099,137.964,0.01395098865032196
742,15211.05,12665.916000000001,45.988,0.002601077314466238
743,8213.966999999999,24980.001,229.94,0.01483703963458538
744,12168.84,13369.578000000001,229.94,0.004098986275494099
745,9126.63,1759.155,45.988,0.01518331840634346
746,9430.851,24276.339,367.904,0.0025983962696045637
747,10647.735,18647.043,459.88,0.0027470679488033056
748,12777.282,17239.718999999997,459.88,0.0015271230367943645
749,8213.966999999999,7388.451,45.988,0.005188837647438049
750,20991.249,14073.24,183.952,0.006296238396316767
751,18861.702,16887.888,45.988,0.013365011662244797
752,10039.293,10554.93,45.988,0.010216623544692993
753,8518.188,15832.395,505.86800000000005,0.0057189976796507835
754,11560.398000000001,13721.409,45.988,0.0028955633752048016
755,7605.525,23924.507999999998,137.964,0.0015048354398459196
756,7909.746,10203.099,137.964,0.0009236631449311972
757,10343.514000000001,17239.718999999997,459.88,0.003917433321475983
758,10039.293,7036.62,229.94,0.0026500558014959097
759,8518.188,24980.001,275.928,0.015034880489110947
760,13689.945,8795.775,229.94,0.017620675265789032
761,9126.63,9147.606,229.94,0.008245517499744892
762,12777.282,11258.591999999999,459.88,0.0058523970656096935
763,13081.503,8795.775,229.94,0.01682674139738083
764,5475.978,14073.24,459.88,0.003099460154771805
765,6388.641,16184.226,321.916,0.005852309055626392
766,21903.912,14073.24,183.952,0.00879344530403614
767,19774.365,18647.043,91.976,0.0028955633752048016
768,4259.094,15832.395,505.86800000000005,0.002119883429259062
769,4867.536,14776.902,321.916,0.0067151011899113655
770,10951.956,13369.578000000001,321.916,0.004961969330906868
771,13385.723999999998,8795.775,367.904,0.008394656702876091
772,12168.84,15128.733,229.94,0.012329697608947754
773,10343.514000000001,7740.281999999999,137.964,0.00769637618213892
774,8822.409,3166.4790000000003,45.988,0.011736078187823296
775,20078.586,18647.043,91.976,0.002983574755489826
776,21599.691000000003,14425.071000000002,183.952,0.007310785818845034
777,8822.409,7740.281999999999,91.976,0.01585249975323677
778,12168.84,16184.226,367.904,0.0021792990155518055
779,13081.503,9851.268,505.86800000000005,0.010735031217336655
780,10343.514000000001,14073.24,229.94,0.01739661581814289
781,8822.409,24276.339,275.928,0.012517431750893593
782,10343.514000000001,9499.437,45.988,0.009568443521857262
783,7909.746,26387.325,321.916,0.0024770922027528286
784,12473.061000000002,16184.226,45.988,0.0025548215489834547
785,9735.072,14073.24,183.952,0.009843138046562672
786,13385.723999999998,10203.099,45.988,0.004735667258501053
787,12777.282,10203.099,229.94,0.012885229662060738
788,18557.481,3870.1409999999996,459.88,0.0025507882237434387
789,22208.132999999998,14073.24,367.904,0.008511766791343689
790,11560.398000000001,13721.409,137.964,0.001998339546844363
791,22512.354,15128.733,321.916,0.001267439336515963
792,9430.851,25331.832000000002,229.94,0.003307866398245096
793,10951.956,17943.381,459.88,0.007153898011893034
794,16123.713,15128.733,183.952,0.004302492365241051
795,12168.84,15480.563999999998,91.976,0.007757238112390041
796,15211.05,8795.775,183.952,0.002276695566251874
797,10039.293,12314.085,321.916,0.004150076303631067
798,10647.735,8795.775,45.988,0.010355021804571152
799,8822.409,8092.113,91.976,0.02186606265604496
800,18861.702,3518.31,505.86800000000005,0.01081787422299385
801,6084.42,16887.888,459.88,0.00451951427385211
802,9126.63,9499.437,137.964,0.021929867565631866
803,4867.536,16536.057,367.904,0.006120910868048668
804,12473.061000000002,13017.747,91.976,0.009139658883213997
805,10343.514000000001,15128.733,367.904,0.008548852056264877
806,14906.829,8443.944,275.928,0.006779875606298447
807,13081.503,9851.268,183.952,0.017785876989364624
808,8213.966999999999,13721.409,367.904,0.001990918070077896
809,10343.514000000001,2462.817,137.964,0.0028955633752048016
810,9126.63,25683.662999999997,275.928,0.00709558418020606
811,12777.282,10906.761,459.88,0.0077668968588113785
812,10039.293,9147.606,45.988,0.017623286694288254
813,10951.956,14425.071000000002,367.904,0.01035744696855545
814,13385.723999999998,13017.747,183.952,0.010768124833703041
815,12168.84,16184.226,183.952,0.006367020308971405
816,14298.386999999999,8443.944,275.928,0.014705061912536621
817,8213.966999999999,8092.113,229.94,0.0018335802014917135
818,9430.851,14073.24,367.904,0.008814218454062939
819,10647.735,12665.916000000001,183.952,0.003928997553884983
820,11256.177,16536.057,459.88,0.00674337986856699
821,12473.061000000002,9851.268,91.976,0.011490290984511375
822,9430.851,10203.099,91.976,0.017403118312358856
823,7909.746,1407.3239999999998,91.976,0.0050542326644063
824,13994.166000000001,15128.733,229.94,0.002676968462765217
825,20687.028000000002,14073.24,367.904,0.0058890897780656815
826,10343.514000000001,9499.437,229.94,0.005945934914052486
827,12168.84,14776.902,367.904,0.0029960244428366423
828,12168.84,8443.944,183.952,0.004810357000678778
829,21599.691000000003,15128.733,275.928,0.0054990630596876144
830,3954.873,15832.395,321.916,0.002590532647445798
831,17949.039,17943.381,45.988,0.004965971224009991
832,20382.807,17943.381,91.976,0.0033160531893372536
833,12473.061000000002,11258.591999999999,275.928,0.0022958540357649326
834,4563.315,15480.563999999998,459.88,0.00988820381462574
835,17949.039,17943.381,91.976,0.003405989846214652
836,8822.409,9499.437,91.976,0.02558351308107376
837,14602.608,7740.281999999999,367.904,0.00549708865582943
838,10647.735,15480.563999999998,275.928,0.013333790004253387
839,8822.409,7740.281999999999,229.94,0.0060928091406822205
840,8822.409,12665.916000000001,321.916,0.002844091271981597
841,8213.966999999999,15480.563999999998,459.88,0.002410134533420205
842,10343.514000000001,8795.775,91.976,0.011875713244080544
843,21903.912,12665.916000000001,275.928,0.012461001053452492
844,13385.723999999998,9851.268,229.94,0.01702522672712803
845,14906.829,15128.733,229.94,0.003050193190574646
846,14602.608,14776.902,229.94,0.0026110252365469933
847,20078.586,18647.043,137.964,0.0006051617674529552
848,13385.723999999998,15128.733,229.94,0.0028955633752048016
849,10647.735,8092.113,45.988,0.0064692008309066296
850,11256.177,16184.226,275.928,0.008112698793411255
851,10343.514000000001,14425.071000000002,321.916,0.01787404716014862
852,19774.365,17943.381,45.988,0.01119522750377655
853,7909.746,23924.507999999998,229.94,0.011732092127203941
854,5475.978,14425.071000000002,505.86800000000005,0.006162332370877266
855,8518.188,2110.986,45.988,0.014234235510230064
856,13081.503,10906.761,459.88,0.005999462679028511
857,10343.514000000001,14776.902,45.988,0.003804702078923583
858,10951.956,14425.071000000002,505.86800000000005,0.0060538435354828835
859,12777.282,13017.747,45.988,0.007442469242960215
860,14298.386999999999,14425.071000000002,91.976,0.002614350523799658
861,10647.735,8092.113,137.964,0.007874890230596066
862,20991.249,3518.31,459.88,0.0018176519079133868
863,15819.492,13721.409,45.988,0.009314042516052723
864,13385.723999999998,15480.563999999998,229.94,0.0028955633752048016
865,10647.735,11258.591999999999,91.976,0.003220762126147747
866,10343.514000000001,13721.409,505.86800000000005,0.00501000601798296
867,13081.503,10203.099,45.988,0.005115930922329426
868,11560.398000000001,17591.55,229.94,0.0023388401605188847
869,9735.072,16184.226,459.88,0.00683559849858284
870,14298.386999999999,7036.62,275.928,0.0018459579441696405
871,9430.851,11610.423,45.988,0.0055910684168338776
872,3954.873,15128.733,459.88,0.004777595400810242
873,8518.188,3518.31,45.988,0.004514725413173437
874,9430.851,2110.986,91.976,0.01350531168282032
875,21903.912,13721.409,321.916,0.014144357293844223
876,13385.723999999998,10203.099,137.964,0.014009853824973106
877,13994.166000000001,8092.113,321.916,0.01316065900027752
878,10951.956,16536.057,183.952,0.014386918395757675
879,8822.409,2814.6479999999997,91.976,0.012739729136228561
880,22208.132999999998,14776.902,229.94,0.005210294388234615
881,8822.409,14776.902,367.904,0.0028955633752048016
882,9430.851,7388.451,229.94,0.005311280023306608
883,8518.188,11610.423,45.988,0.003751110751181841
884,5780.1990000000005,16184.226,459.88,0.011550281196832657
885,12473.061000000002,15128.733,367.904,0.0029259014409035444
886,7301.304,24980.001,229.94,0.008566665463149548
887,9126.63,3518.31,45.988,0.003999864682555199
888,8822.409,23220.846,229.94,0.0034989481791853905
889,15819.492,13369.578000000001,45.988,0.009232152253389359
890,9430.851,3870.1409999999996,45.988,0.0025940134655684233
891,10951.956,15480.563999999998,91.976,0.013188138604164124
892,15819.492,15128.733,137.964,0.00547455158084631
893,12473.061000000002,10906.761,459.88,0.008473454974591732
894,14298.386999999999,14073.24,137.964,0.0049741133116185665
895,19774.365,17591.55,91.976,0.009319473057985306
896,10951.956,16887.888,137.964,0.011743513867259026
897,22208.132999999998,12314.085,367.904,0.002166813239455223
898,8822.409,15128.733,505.86800000000005,0.00951277744024992
899,12473.061000000002,9851.268,275.928,0.00354006583802402
900,13994.166000000001,14073.24,91.976,0.0063444566912949085
901,9126.63,2110.986,91.976,0.014345025643706322
902,5475.978,16887.888,413.892,0.003916862886399031
903,9430.851,12314.085,321.916,0.0028832925017923117
904,12473.061000000002,9499.437,45.988,0.0042706020176410675
905,10343.514000000001,16887.888,137.964,0.005746026057749987
906,8518.188,16184.226,505.86800000000005,0.0068259406834840775
907,8518.188,24628.17,321.916,0.012795431539416313
908,20382.807,4221.972,459.88,0.005187843926250935
909,7605.525,25331.832000000002,367.904,0.0062316544353961945
910,12777.282,9147.606,229.94,0.01531551219522953
911,11256.177,15832.395,183.952,0.02053510770201683
912,10039.293,12665.916000000001,183.952,0.004359752871096134
913,10647.735,15480.563999999998,91.976,0.011791722849011421
914,21295.47,14776.902,321.916,0.005790308117866516
915,13994.166000000001,9851.268,367.904,0.004861063323915005
916,16427.933999999997,15480.563999999998,137.964,0.0042740595526993275
917,8822.409,13721.409,505.86800000000005,0.003282679710537195
918,13689.945,9147.606,275.928,0.01695472188293934
919,9430.851,9499.437,91.976,0.02877720445394516
920,12473.061000000002,14425.071000000002,45.988,0.007693519350141287
921,11864.618999999999,15832.395,45.988,0.007677063811570406
922,8822.409,25683.662999999997,275.928,0.007007888983935118
923,10039.293,11610.423,45.988,0.006376119330525398
924,9735.072,2110.986,137.964,0.0073357271030545235
925,10039.293,14425.071000000002,321.916,0.016384009271860123
926,7909.746,24980.001,183.952,0.010814955458045006
927,18253.26,17591.55,45.988,0.009300224483013153
928,9430.851,14073.24,183.952,0.009107560850679874
929,12473.061000000002,10906.761,275.928,0.0019606458954513073
930,10039.293,15480.563999999998,321.916,0.004620213992893696
931,10647.735,13369.578000000001,183.952,0.004245412070304155
932,19774.365,1759.155,505.86800000000005,0.0023190518841147423
933,7909.746,26035.494,229.94,0.00441383570432663
934,8518.188,9499.437,91.976,0.016680672764778137
935,9735.072,13721.409,367.904,0.009356819093227386
936,9735.072,7740.281999999999,183.952,0.012548351660370827
937,6692.861999999999,14776.902,367.904,0.006629760377109051
938,13689.945,9499.437,459.88,0.002937605371698737
939,11864.618999999999,9851.268,275.928,0.0007548686116933823
940,12168.84,8443.944,91.976,0.0028756894171237946
941,12168.84,16536.057,229.94,0.002285773865878582
942,13994.166000000001,13369.578000000001,45.988,0.0026956612709909678
943,5475.978,16536.057,367.904,0.008930366486310959
944,8822.409,1407.3239999999998,137.964,0.007304795552045107
945,8518.188,26387.325,321.916,0.0028955633752048016
946,15819.492,15128.733,229.94,0.002901231637224555
947,10039.293,12665.916000000001,275.928,0.007183474022895098
948,10343.514000000001,9499.437,137.964,0.00665975920855999
949,5780.1990000000005,16184.226,321.916,0.007668318692594767
950,13994.166000000001,7740.281999999999,275.928,0.010650444775819778
951,9735.072,9147.606,137.964,0.022207915782928467
952,22208.132999999998,12314.085,229.94,0.004702262580394745
953,21599.691000000003,13721.409,183.952,0.00915433093905449
954,7909.746,24980.001,367.904,0.0070134298875927925
955,13385.723999999998,8092.113,229.94,0.010805651545524597
956,12168.84,15128.733,183.952,0.012455664575099945
957,9735.072,13721.409,321.916,0.014204297214746475
958,15819.492,14776.902,183.952,0.011339476332068443
959,11560.398000000001,14073.24,321.916,0.007680249400436878
960,10647.735,17239.718999999997,183.952,0.0026713968254625797
961,20078.586,16184.226,137.964,0.00017592217773199081
962,19774.365,16887.888,91.976,0.008799910545349121
963,13689.945,14776.902,183.952,0.00839912984520197
964,12473.061000000002,15128.733,137.964,0.007029200904071331
965,7301.304,23572.677000000003,229.94,0.004859756678342819
966,12473.061000000002,18295.212,459.88,0.0043132854625582695
967,13385.723999999998,10554.93,505.86800000000005,0.006065803579986095
968,12473.061000000002,15832.395,137.964,0.005078782327473164
969,13385.723999999998,11258.591999999999,137.964,0.006435681134462357
970,6388.641,14776.902,321.916,0.005039513576775789
971,14602.608,8443.944,367.904,0.007574533112347126
972,13385.723999999998,9851.268,505.86800000000005,0.004241954069584608
973,12168.84,9147.606,137.964,0.007401301059871912
974,9735.072,16184.226,91.976,0.0034388871863484383
975,9430.851,14073.24,321.916,0.01260480098426342
976,4867.536,16887.888,459.88,0.0012944121845066547
977,14602.608,14425.071000000002,137.964,0.003956596367061138
978,8213.966999999999,14073.24,229.94,0.0032572855707257986
979,4867.536,15128.733,413.892,0.013038942590355873
980,19470.144,2462.817,505.86800000000005,0.008698177523911
981,19165.923,16536.057,137.964,0.0013307753251865506
982,9126.63,10906.761,137.964,0.0008215000852942467
983,9126.63,8795.775,45.988,0.02551916614174843
984,8518.188,7388.451,183.952,0.005809918977320194
985,6084.42,14776.902,367.904,0.008963033556938171
986,22208.132999999998,14425.071000000002,367.904,0.0069877770729362965
987,10039.293,8092.113,137.964,0.01582777127623558
988,6692.861999999999,14776.902,459.88,0.0065704528242349625
989,13081.503,9499.437,137.964,0.014338627457618713
990,11864.618999999999,9499.437,183.952,0.003896437119692564
991,21599.691000000003,13017.747,183.952,0.0084614846855402
992,8822.409,3518.31,45.988,0.003244157647714019
993,8213.966999999999,2814.6479999999997,137.964,0.006065194495022297
994,21599.691000000003,15128.733,183.952,0.002531276782974601
995,5780.1990000000005,14425.071000000002,459.88,0.0055945864878594875
996,15819.492,15480.563999999998,183.952,0.0037962018977850676
997,14602.608,7388.451,367.904,0.002546567702665925
998,10343.514000000001,17239.718999999997,137.964,0.004044398665428162
999,8518.188,25331.832000000002,321.916,0.011487884446978569
1000,10647.735,14776.902,91.976,0.006811485625803471
1001,9126.63,12665.916000000001,321.916,0.0038556749932467937
1002,10039.293,2110.986,137.964,0.00407010642811656
1003,13081.503,13721.409,183.952,0.01428108848631382
1004,13081.503,10554.93,275.928,0.003775635501369834
1005,10951.956,14776.902,45.988,0.0028955633752048016
1006,19165.923,17591.55,91.976,0.010476979427039623
1007,21295.47,13721.409,183.952,0.007764867041260004
1008,20078.586,2814.6479999999997,459.88,0.007515958976000547
1009,11864.618999999999,16887.888,91.976,0.004804705269634724
1010,11256.177,17239.718999999997,183.952,0.0032854489982128143
1011,10951.956,17591.55,505.86800000000005,0.011880161240696907
1012,14298.386999999999,10554.93,91.976,0.005246017128229141
1013,8213.966999999999,23572.677000000003,367.904,0.0028112216386944056
1014,19165.923,15832.395,91.976,0.0021808992605656385
1015,20687.028000000002,16887.888,137.964,0.0012684446992352605
1016,12777.282,9499.437,275.928,0.009367156773805618
1017,13385.723999999998,15128.733,91.976,0.005610079970210791
1018,20382.807,4573.803,459.88,0.004391096998006105
1019,13385.723999999998,7388.451,321.916,0.003795318305492401
1020,8822.409,13369.578000000001,367.904,0.005669283680617809
1021,15211.05,14776.902,137.964,0.007616174407303333
1022,11864.618999999999,18647.043,505.86800000000005,0.004781490191817284
1023,10951.956,15128.733,367.904,0.009793480858206749
1024,12777.282,13369.578000000001,91.976,0.013274556025862694
1025,15515.271,15128.733,91.976,0.006133646238595247
1026,17949.039,17591.55,91.976,0.004117937758564949
1027,16123.713,15480.563999999998,137.964,0.00393462972715497
1028,5171.7570000000005,14776.902,505.86800000000005,0.0077287983149290085
1029,10951.956,18295.212,505.86800000000005,0.007492823526263237
1030,12777.282,11962.253999999999,505.86800000000005,0.0031620159279555082
1031,8518.188,13017.747,275.928,0.005289860535413027
1032,7605.525,24628.17,275.928,0.01296764612197876
1033,16732.155,13721.409,183.952,0.010081226006150246
1034,12473.061000000002,12665.916000000001,91.976,0.0048494236543774605
1035,5171.7570000000005,16887.888,505.86800000000005,0.0016674477374181151
1036,7301.304,23572.677000000003,367.904,0.0025370961520820856
1037,8213.966999999999,9147.606,91.976,0.008049238473176956
1038,19165.923,2462.817,459.88,0.005533948540687561
1039,16427.933999999997,13369.578000000001,45.988,0.007651692256331444
1040,9430.851,8443.944,137.964,0.026024188846349716
1041,13689.945,14073.24,45.988,0.007446010131388903
1042,13994.166000000001,14073.24,183.952,0.007111330050975084
1043,9126.63,23924.507999999998,229.94,0.008453925140202045
1044,11864.618999999999,10554.93,183.952,0.004107298329472542
1045,8822.409,14073.24,505.86800000000005,0.004717625677585602
1046,9735.072,10203.099,91.976,0.014062106609344482
1047,8822.409,14776.902,505.86800000000005,0.008310026489198208
1048,14298.386999999999,13369.578000000001,91.976,0.0028037712909281254
1049,13994.166000000001,14776.902,183.952,0.004449334926903248
1050,19165.923,2814.6479999999997,459.88,0.007359348703175783
1051,12777.282,15128.733,229.94,0.0028597908094525337
1052,12777.282,10554.93,275.928,0.003463535336777568
1053,20382.807,17591.55,45.988,0.005409484729170799
1054,12473.061000000002,16887.888,229.94,0.0020212684758007526
1055,8822.409,8092.113,229.94,0.007987383753061295
1056,8518.188,7740.281999999999,91.976,0.013702990487217903
1057,9126.63,14776.902,229.94,0.004286831244826317
1058,8213.966999999999,24980.001,137.964,0.002703930949792266
1059,11560.398000000001,14073.24,229.94,0.010605530813336372
1060,9735.072,10554.93,137.964,0.0016453355783596635
1061,9430.851,24276.339,137.964,0.0014657658757641912
1062,14906.829,7388.451,229.94,0.0028955633752048016
1063,8822.409,8092.113,45.988,0.01761789247393608
1064,17949.039,17239.718999999997,137.964,0.0002122744917869568
1065,13081.503,12314.085,229.94,0.002665549051016569
1066,22512.354,13017.747,275.928,0.01234019547700882
1067,12473.061000000002,14425.071000000002,321.916,0.00407535070553422
1068,8213.966999999999,1055.493,137.964,0.002549075521528721
1069,7301.304,25331.832000000002,137.964,0.0028673631604760885
1070,11864.618999999999,12665.916000000001,137.964,0.006856111343950033
1071,15211.05,8795.775,275.928,0.0051100365817546844
1072,11560.398000000001,10203.099,505.86800000000005,0.010837074369192123
1073,13689.945,10906.761,91.976,0.005935307126492262
1074,13994.166000000001,13017.747,91.976,0.0024694905150681734
1075,11864.618999999999,8795.775,137.964,0.00592120410874486
1076,10647.735,10906.761,91.976,0.00447872607037425
1077,9430.851,24628.17,275.928,0.0028931773267686367
1078,9126.63,3870.1409999999996,45.988,0.0028955633752048016
1079,20078.586,3166.4790000000003,459.88,0.008596191182732582
1080,5780.1990000000005,16887.888,367.904,0.0034329104237258434
1081,10647.735,16184.226,229.94,0.013941753655672073
1082,8213.966999999999,1407.3239999999998,91.976,0.008963719010353088
1083,19470.144,15832.395,45.988,0.0028955633752048016
1084,8518.188,13369.578000000001,183.952,0.0020868692081421614
1085,10343.514000000001,13721.409,321.916,0.015313440933823586
1086,8518.188,8092.113,45.988,0.014616752043366432
1087,8822.409,13017.747,229.94,0.006718220189213753
1088,12777.282,12314.085,137.964,0.0028801369480788708
1089,9735.072,2814.6479999999997,91.976,0.009749574586749077
1090,13385.723999999998,9499.437,321.916,0.00893368385732174
1091,12473.061000000002,16536.057,505.86800000000005,0.006017521023750305
1092,11256.177,14073.24,321.916,0.012066707015037537
1093,10343.514000000001,2462.817,45.988,0.006331672891974449
1094,6388.641,15832.395,367.904,0.007694648113101721
1095,10647.735,16536.057,505.86800000000005,0.006043693516403437
1096,10343.514000000001,8443.944,91.976,0.008966764435172081
1097,13385.723999999998,9499.437,275.928,0.014906330034136772
1098,13689.945,12314.085,183.952,0.004850646480917931
1099,7909.746,1759.155,137.964,0.0029899675864726305
1100,11864.618999999999,8795.775,505.86800000000005,0.002677863696590066
1101,12168.84,16184.226,505.86800000000005,0.005485740955919027
1102,11256.177,13721.409,275.928,0.008684005588293076
1103,11560.398000000001,16536.057,137.964,0.01394909992814064
1104,23120.796000000002,13017.747,321.916,0.006406931672245264
1105,8518.188,1759.155,91.976,0.0117601677775383
1106,9126.63,24628.17,321.916,0.007354301400482655
1107,15211.05,8795.775,321.916,0.007123560179024935
1108,22512.354,13369.578000000001,229.94,0.012158343568444252
1109,9430.851,3518.31,45.988,0.003982710186392069
1110,14602.608,13369.578000000001,183.952,0.0028068821411579847
1111,9735.072,13721.409,459.88,0.004052723757922649
1112,17340.596999999998,14073.24,137.964,0.0037825291510671377
1113,11256.177,14776.902,367.904,0.009778834879398346
1114,12777.282,9499.437,367.904,0.004645790904760361
1115,21295.47,14776.902,367.904,0.0034556789323687553
1116,5475.978,15128.733,367.904,0.013537483289837837
1117,8822.409,12665.916000000001,229.94,0.005906734149903059
1118,9430.851,11258.591999999999,45.988,0.011846775189042091
1119,11864.618999999999,13369.578000000001,229.94,0.003675872925668955
1120,13689.945,9499.437,183.952,0.017094289883971214
1121,16732.155,14776.902,45.988,0.0060775792226195335
1122,8822.409,703.6619999999999,45.988,0.0014398873317986727
1123,15515.271,15128.733,229.94,0.004289200529456139
1124,15211.05,9499.437,229.94,0.0028955633752048016
1125,12168.84,9147.606,183.952,0.005478537641465664
1126,15819.492,14073.24,229.94,0.009538769721984863
1127,9430.851,7036.62,45.988,0.0034411256201565266
1128,10951.956,14776.902,505.86800000000005,0.007653071079403162
1129,13081.503,8443.944,321.916,0.009772263467311859
1130,14298.386999999999,9499.437,367.904,0.007143860682845116
1131,10951.956,10906.761,505.86800000000005,0.005533481482416391
1132,19470.144,16184.226,45.988,0.007333635352551937
1133,18253.26,18295.212,137.964,0.00017881859093904495
1134,21295.47,14073.24,367.904,0.007072604261338711
1135,11560.398000000001,13369.578000000001,91.976,0.004659713711589575
1136,3954.873,15832.395,367.904,0.004343895241618156
1137,8822.409,14073.24,183.952,0.006300925277173519
1138,16427.933999999997,14073.24,229.94,0.0084917601197958
1139,9735.072,1407.3239999999998,137.964,0.004150845110416412
1140,20382.807,17239.718999999997,91.976,0.0024612725246697664
1141,9430.851,2814.6479999999997,91.976,0.0123534444719553
1142,22816.575,13369.578000000001,275.928,0.009563292376697063
1143,14602.608,9147.606,183.952,0.003485142020508647
1144,20382.807,16887.888,137.964,0.0003335992805659771
1145,7605.525,1759.155,91.976,0.0028955633752048016
1146,8518.188,10554.93,137.964,0.0008908817544579506
1147,11864.618999999999,13369.578000000001,137.964,0.006280788220465183
1148,12168.84,11610.423,505.86800000000005,0.0048401751555502415
1149,22512.354,13369.578000000001,275.928,0.013344606384634972
1150,9430.851,9851.268,229.94,0.0028955633752048016
1151,21295.47,13017.747,321.916,0.010246474295854568
1152,12168.84,17239.718999999997,45.988,0.0023302356712520123
1153,11560.398000000001,17591.55,45.988,0.0019199543166905642
1154,5475.978,14425.071000000002,459.88,0.00776942353695631
1155,19774.365,2462.817,505.86800000000005,0.008861430920660496
1156,8518.188,3870.1409999999996,137.964,0.0016127352137118578
1157,6692.861999999999,15480.563999999998,413.892,0.007403952069580555
1158,12473.061000000002,16184.226,229.94,0.0028955633752048016
1159,9126.63,13017.747,367.904,0.006986273918300867
1160,11560.398000000001,9499.437,505.86800000000005,0.004923362284898758
1161,11864.618999999999,17239.718999999997,45.988,0.0028955633752048016
1162,8518.188,9499.437,137.964,0.014794852584600449
1163,12777.282,10906.761,275.928,0.002353488001972437
1164,12168.84,9147.606,45.988,0.0024456484243273735
1165,8822.409,2814.6479999999997,45.988,0.01419089175760746
1166,9430.851,11258.591999999999,91.976,0.00868934765458107
1167,18861.702,18998.874,137.964,-0.00018590525723993778
1168,13385.723999999998,10203.099,459.88,0.0044392007403075695
1169,13081.503,9499.437,183.952,0.018503593280911446
1170,9735.072,8443.944,45.988,0.019546039402484894
1171,9735.072,9851.268,91.976,0.01963331736624241
1172,8822.409,23220.846,137.964,0.001011316548101604
1173,12168.84,9147.606,229.94,0.0033987746573984623
1174,14298.386999999999,14425.071000000002,229.94,0.0025231237523257732
1175,11560.398000000001,15480.563999999998,137.964,0.014072531834244728
1176,10647.735,9851.268,137.964,0.0028484866488724947
1177,13081.503,13721.409,45.988,0.009539362043142319
1178,4563.315,16536.057,413.892,0.007166801020503044
1179,11560.398000000001,9147.606,91.976,0.002938080346211791
1180,11560.398000000001,15128.733,367.904,0.008628670126199722
1181,6084.42,15480.563999999998,321.916,0.007923219352960587
1182,13081.503,14425.071000000002,45.988,0.008777379989624023
1183,11560.398000000001,11258.591999999999,505.86800000000005,0.007759185042232275
1184,6388.641,15832.395,459.88,0.008506868034601212
1185,22512.354,14776.902,275.928,0.005925603210926056
1186,19470.144,3166.4790000000003,459.88,0.009081827476620674
1187,10343.514000000001,15128.733,183.952,0.014847937971353531
1188,12473.061000000002,13721.409,229.94,0.008931202813982964
1189,10951.956,15128.733,91.976,0.011448081582784653
1190,10343.514000000001,13721.409,183.952,0.010203156620264053
1191,18253.26,17591.55,137.964,0.0009483681060373783
1192,10039.293,8443.944,45.988,0.01404409110546112
1193,8822.409,15128.733,459.88,0.006345467641949654
1194,12473.061000000002,10554.93,91.976,0.009867249056696892
1195,9126.63,8795.775,229.94,0.009006097912788391
1196,8518.188,2814.6479999999997,45.988,0.012640876695513725
1197,16123.713,15480.563999999998,91.976,0.003668941091746092
1198,11560.398000000001,16184.226,183.952,0.016663961112499237
1199,13081.503,9147.606,321.916,0.008263008669018745
1200,12777.282,16536.057,505.86800000000005,0.003673058468848467
1201,11560.398000000001,14425.071000000002,183.952,0.012037822976708412
1202,13689.945,7388.451,321.916,0.004521269351243973
1203,12168.84,11258.591999999999,505.86800000000005,0.010165730491280556
1204,22208.132999999998,14776.902,275.928,0.007154840510338545
1205,9735.072,15480.563999999998,367.904,0.0031994874589145184
1206,11864.618999999999,13017.747,45.988,0.0028955633752048016
1207,10343.514000000001,12665.916000000001,367.904,0.004033752717077732
1208,5171.7570000000005,16536.057,459.88,0.006730508059263229
1209,13994.166000000001,9147.606,137.964,0.005820169113576412
1210,18557.481,4221.972,505.86800000000005,0.006282005459070206
1211,8822.409,703.6619999999999,137.964,0.00016519147902727127
1212,11560.398000000001,15128.733,229.94,0.019396968185901642
1213,18253.26,3518.31,505.86800000000005,0.003991376608610153
1214,4259.094,15128.733,459.88,0.005769628100097179
1215,14906.829,13369.578000000001,183.952,0.004360359162092209
1216,10951.956,15480.563999999998,321.916,0.013234267011284828
1217,10647.735,16536.057,183.952,0.011061074212193489
1218,16427.933999999997,15480.563999999998,229.94,0.0024418975226581097
1219,7909.746,9851.268,183.952,0.0021669375710189342
1220,11864.618999999999,16184.226,275.928,0.0032841376960277557
1221,13994.166000000001,8092.113,229.94,0.013377387076616287
1222,13385.723999999998,10906.761,459.88,0.005156504921615124
1223,11560.398000000001,9147.606,45.988,0.001367245684377849
1224,13385.723999999998,10203.099,367.904,0.0034927143715322018
1225,22512.354,13721.409,321.916,0.011521590873599052
1226,9126.63,7740.281999999999,45.988,0.014959428459405899
1227,8518.188,15128.733,459.88,0.0022524988744407892
1228,21599.691000000003,11962.253999999999,229.94,0.0026193861849606037
1229,10039.293,15832.395,367.904,0.0020468721631914377
1230,9126.63,3518.31,137.964,0.002509775571525097
1231,10951.956,14073.24,367.904,0.009931042790412903
1232,10039.293,15128.733,367.904,0.006439953111112118
1233,9430.851,7740.281999999999,183.952,0.013829400762915611
1234,13081.503,9851.268,45.988,0.005458429455757141
1235,15211.05,8443.944,183.952,0.0028955633752048016
1236,10343.514000000001,10554.93,137.964,0.00021372665651142597
1237,7605.525,24276.339,367.904,0.005754629150032997
1238,13081.503,10203.099,229.94,0.01348024606704712
1239,12777.282,10203.099,91.976,0.012016577646136284
1240,9430.851,7036.62,229.94,0.0028955633752048016
1241,8213.966999999999,1407.3239999999998,45.988,0.010209181345999241
1242,15515.271,15480.563999999998,137.964,0.004494015593081713
1243,8822.409,2110.986,91.976,0.0139847993850708
1244,10647.735,7740.281999999999,45.988,0.003984582144767046
1245,20687.028000000002,13721.409,275.928,0.008029831573367119
1246,9735.072,12314.085,183.952,0.0033376130741089582
1247,9735.072,12665.916000000001,321.916,0.00800257921218872
1248,5171.7570000000005,14776.902,459.88,0.011317607015371323
1249,10951.956,17943.381,505.86800000000005,0.011380810290575027
1250,8213.966999999999,7388.451,229.94,0.0018747413996607065
1251,10039.293,8443.944,91.976,0.019116785377264023
1252,16123.713,13369.578000000001,137.964,0.014900235459208488
1253,13689.945,14425.071000000002,91.976,0.010223716497421265
1254,4867.536,14776.902,413.892,0.011069230735301971
1255,16732.155,14425.071000000002,229.94,0.0057284655049443245
1256,10647.735,15832.395,137.964,0.013854147866368294
1257,12168.84,11962.253999999999,505.86800000000005,0.002808037679642439
1258,17036.376,14425.071000000002,45.988,0.004919441416859627
1259,16427.933999999997,12314.085,137.964,0.0028955633752048016
1260,9735.072,24980.001,183.952,0.0005746986716985703
1261,12473.061000000002,9851.268,183.952,0.014515474438667297
1262,20078.586,17591.55,137.964,0.0008623762987554073
1263,4867.536,14073.24,367.904,0.0025808834470808506
1264,13385.723999999998,10203.099,183.952,0.01570621132850647
1265,12168.84,15128.733,275.928,0.00818107184022665
1266,11560.398000000001,13721.409,229.94,0.006347134709358215
1267,14298.386999999999,9499.437,275.928,0.012831592932343483
1268,14906.829,13017.747,91.976,0.0036701897624880075
1269,15515.271,12314.085,137.964,0.003915964625775814
1270,9735.072,10906.761,91.976,0.007431721780449152
1271,15515.271,15480.563999999998,229.94,0.0028955633752048016
1272,5171.7570000000005,16887.888,321.916,0.0028955633752048016
1273,10343.514000000001,16184.226,45.988,0.005947924219071865
1274,9430.851,12665.916000000001,367.904,0.004878876730799675
1275,4867.536,14425.071000000002,413.892,0.005294343456625938
1276,9126.63,3166.4790000000003,137.964,0.007178944069892168
1277,16427.933999999997,14425.071000000002,183.952,0.011604970321059227
1278,10343.514000000001,9147.606,183.952,0.007158155087381601
1279,13081.503,11258.591999999999,137.964,0.006042431108653545
1280,10343.514000000001,2814.6479999999997,45.988,0.0067129191011190414
1281,8822.409,23924.507999999998,367.904,0.0038645395543426275
1282,12168.84,15128.733,321.916,0.0046095652505755424
1283,16427.933999999997,13017.747,137.964,0.006913000717759132
1284,14906.829,14425.071000000002,91.976,0.00613520760089159
1285,9126.63,13721.409,183.952,0.00830760970711708
1286,11864.618999999999,13721.409,91.976,0.003697408130392432
1287,9735.072,14776.902,367.904,0.00789058580994606
1288,13081.503,8443.944,275.928,0.011973485350608826
1289,12168.84,14073.24,229.94,0.010080954059958458
1290,19470.144,16536.057,45.988,0.01176673173904419
1291,6084.42,16184.226,413.892,0.009063747711479664
1292,13385.723999999998,10906.761,229.94,0.004415435716509819
1293,13994.166000000001,8795.775,367.904,0.009460888803005219
1294,9735.072,1407.3239999999998,45.988,0.007168378680944443
1295,12473.061000000002,12665.916000000001,137.964,0.007000034209340811
1296,18861.702,16184.226,91.976,0.0035988169256597757
1297,13994.166000000001,9147.606,275.928,0.016461985185742378
1298,11864.618999999999,9851.268,505.86800000000005,0.0124201700091362
1299,15211.05,13369.578000000001,137.964,0.01227516122162342
1300,15211.05,14776.902,45.988,0.0043922727927565575
1301,13689.945,10554.93,275.928,0.0015956846764311194
1302,11864.618999999999,17591.55,505.86800000000005,0.013899562880396843
1303,21903.912,13721.409,367.904,0.00954916886985302
1304,20382.807,16887.888,45.988,0.006883067078888416
1305,22816.575,13017.747,321.916,0.006352402735501528
1306,14906.829,13017.747,45.988,0.002108907327055931
1307,9126.63,8092.113,183.952,0.01664876751601696
1308,19470.144,4925.634,505.86800000000005,0.0063354093581438065
1309,17340.596999999998,14425.071000000002,229.94,0.0033364153932780027
1310,13689.945,14073.24,183.952,0.011619051918387413
1311,12168.84,8795.775,505.86800000000005,0.0028955633752048016
1312,7909.746,25331.832000000002,183.952,0.009543901309370995
1313,9430.851,10554.93,137.964,0.0019540011417120695
1314,19470.144,17943.381,91.976,0.008984018117189407
1315,6997.0830000000005,25331.832000000002,183.952,0.006411954760551453
1316,14906.829,13369.578000000001,45.988,0.0034317418467253447
1317,20078.586,2462.817,459.88,0.005525875836610794
1318,12777.282,10203.099,275.928,0.005818324629217386
1319,11256.177,14776.902,275.928,0.01606852561235428
1320,8518.188,13017.747,321.916,0.00352600053884089
1321,9735.072,24980.001,275.928,0.0011671786196529865
1322,8213.966999999999,7388.451,137.964,0.004876637831330299
1323,5780.1990000000005,14073.24,505.86800000000005,0.0025485858786851168
1324,13385.723999999998,14425.071000000002,91.976,0.012413188815116882
1325,7605.525,24628.17,183.952,0.009181737899780273
1326,13385.723999999998,12665.916000000001,183.952,0.005000091157853603
1327,10343.514000000001,1407.3239999999998,45.988,0.0018018088303506374
1328,8518.188,25331.832000000002,367.904,0.006378805730491877
1329,12168.84,17239.718999999997,459.88,0.008006011135876179
1330,22208.132999999998,15128.733,367.904,0.0006452761590480804
1331,12168.84,17591.55,459.88,0.00787125714123249
1332,4867.536,16887.888,413.892,0.0035230417270213366
1333,10951.956,10906.761,459.88,0.004390210844576359
1334,8518.188,14425.071000000002,229.94,0.003950594458729029
1335,6692.861999999999,15832.395,505.86800000000005,0.005785323679447174
1336,13081.503,15480.563999999998,183.952,0.004591979086399078
1337,9735.072,15832.395,459.88,0.008373580873012543
1338,8518.188,3166.4790000000003,137.964,0.005627998150885105
1339,21599.691000000003,15128.733,321.916,0.0023865127004683018
1340,22816.575,13017.747,367.904,0.0038893804885447025
1341,5171.7570000000005,14073.24,321.916,0.002034528413787484
1342,20687.028000000002,4573.803,505.86800000000005,0.005165301728993654
1343,4563.315,15128.733,505.86800000000005,0.006001358851790428
1344,13081.503,10554.93,45.988,0.00477822870016098
1345,9430.851,13017.747,183.952,0.007899215444922447
1346,11864.618999999999,16536.057,229.94,0.005037070717662573
1347,13689.945,13017.747,183.952,0.007319307420402765
1348,9126.63,25683.662999999997,367.904,0.0027493517845869064
1349,13081.503,17591.55,505.86800000000005,0.0013079327763989568
1350,10039.293,16887.888,45.988,0.0024270466528832912
1351,10951.956,15832.395,505.86800000000005,0.002944700652733445
1352,9126.63,10906.761,45.988,0.013896163552999496
1353,15211.05,14073.24,137.964,0.01277690939605236
1354,10039.293,12314.085,229.94,0.004006613045930862
1355,20687.028000000002,13017.747,229.94,0.007358536124229431
1356,12168.84,8443.944,137.964,0.0038381004706025124
1357,8822.409,16184.226,459.88,0.004293153062462807
1358,16427.933999999997,13721.409,183.952,0.012669788673520088
1359,10039.293,13721.409,183.952,0.00979093462228775
1360,10647.735,17591.55,505.86800000000005,0.00916026160120964
1361,17036.376,13017.747,229.94,0.0040094321593642235
1362,15819.492,12665.916000000001,45.988,0.002267825184389949
1363,9735.072,10906.761,137.964,0.0005676059518009424
1364,18861.702,2110.986,459.88,0.0028551598079502583
1365,12168.84,15128.733,45.988,0.005997010972350836
1366,16732.155,13721.409,45.988,0.006763927638530731
1367,10039.293,2110.986,45.988,0.006653103977441788
1368,11256.177,13369.578000000001,275.928,0.007675496395677328
1369,11256.177,13369.578000000001,229.94,0.007107967976480722
1370,13994.166000000001,9851.268,91.976,0.004411638714373112
1371,7605.525,23220.846,137.964,0.0013341669691726565
1372,21599.691000000003,14073.24,183.952,0.00847023818641901
1373,21599.691000000003,12665.916000000001,321.916,0.010587545111775398
1374,12168.84,16184.226,459.88,0.003130939556285739
1375,11560.398000000001,16184.226,275.928,0.006971623282879591
1376,8518.188,8092.113,229.94,0.006258335430175066
1377,13081.503,10554.93,137.964,0.013843420892953873
1378,12168.84,13721.409,183.952,0.011640982702374458
1379,12168.84,16536.057,183.952,0.0033767465502023697
1380,11560.398000000001,16536.057,459.88,0.007246049121022224
1381,10951.956,13369.578000000001,367.904,0.0028269223403185606
1382,10647.735,14425.071000000002,229.94,0.01877998746931553
1383,12473.061000000002,14073.24,229.94,0.009716288186609745
1384,12168.84,10906.761,275.928,0.0020852750167250633
1385,9735.072,9147.606,45.988,0.023524435237050056
1386,10343.514000000001,16184.226,183.952,0.010389388538897038
1387,16123.713,12314.085,229.94,0.002385485917329788
1388,5780.1990000000005,16887.888,505.86800000000005,0.00208476185798645
1389,12473.061000000002,14776.902,367.904,0.0028955633752048016
1390,8518.188,23220.846,183.952,0.0030092503875494003
1391,11256.177,17591.55,137.964,0.003405777970328927
1392,10647.735,13721.409,367.904,0.00906262919306755
1393,9430.851,14425.071000000002,275.928,0.012638716027140617
1394,8822.409,24628.17,367.904,0.007144156377762556
1395,11256.177,18647.043,505.86800000000005,0.005376811139285564
1396,14906.829,9851.268,275.928,0.00276659382507205
1397,11256.177,16536.057,183.952,0.01477125659584999
1398,8213.966999999999,9147.606,45.988,0.005833227187395096
1399,7605.525,24628.17,137.964,0.0021811327897012234
1400,12473.061000000002,14776.902,91.976,0.00990564189851284
1401,4259.094,15832.395,413.892,0.005731332581490278
1402,9735.072,8443.944,91.976,0.024610266089439392
1403,5475.978,16536.057,459.88,0.0077619394287467
1404,12168.84,14073.24,45.988,0.0065339673310518265
1405,11864.618999999999,9147.606,229.94,0.0027108986396342516
1406,12777.282,9147.606,275.928,0.010757474228739738
1407,7301.304,24980.001,321.916,0.00754906702786684
1408,12777.282,9851.268,505.86800000000005,0.012730544432997704
1409,11560.398000000001,13721.409,367.904,0.0023277599830180407
1410,16427.933999999997,12314.085,45.988,0.0011542380088940263
1411,9430.851,10203.099,137.964,0.007742772810161114
1412,14298.386999999999,10554.93,275.928,0.0009219422936439514
1413,10343.514000000001,10203.099,45.988,0.008815939538180828
1414,18253.26,17591.55,91.976,0.006426191423088312
1415,15819.492,13369.578000000001,229.94,0.009159035980701447
1416,11864.618999999999,14776.902,321.916,0.009902428835630417
1417,9126.63,7740.281999999999,91.976,0.01834310032427311
1418,12168.84,12665.916000000001,45.988,0.004096693824976683
1419,4867.536,15832.395,459.88,0.012390246614813805
1420,20078.586,17943.381,91.976,0.0051767416298389435
1421,9126.63,24276.339,367.904,0.004609899595379829
1422,12473.061000000002,14425.071000000002,183.952,0.012897653505206108
1423,15211.05,13369.578000000001,91.976,0.011082479730248451
1424,10951.956,15832.395,91.976,0.013747287914156914
1425,20991.249,12314.085,229.94,0.0040877815335989
1426,13081.503,17239.718999999997,459.88,0.0011408401187509298
1427,10343.514000000001,15128.733,45.988,0.005721615627408028
1428,8822.409,10906.761,137.964,0.0003022276796400547
1429,16732.155,13017.747,91.976,0.007540515158325434
1430,8213.966999999999,25683.662999999997,367.904,0.005410107783973217
1431,8822.409,8795.775,91.976,0.027458274737000465
1432,13994.166000000001,7036.62,183.952,-0.0008421102538704872
1433,11256.177,15832.395,275.928,0.01219516433775425
1434,19165.923,18998.874,45.988,0.0027644990477710962
1435,11560.398000000001,16887.888,229.94,0.00610286183655262
1436,5475.978,17239.718999999997,367.904,0.0034400636795908213
1437,8822.409,9147.606,91.976,0.027425983920693398
1438,10039.293,10203.099,45.988,0.014049144461750984
1439,15211.05,14425.071000000002,229.94,0.006809336598962545
1440,12473.061000000002,9499.437,229.94,0.012353695929050446
1441,5475.978,14776.902,505.86800000000005,0.008013378828763962
1442,10343.514000000001,15832.395,459.88,0.006645628716796637
1443,11864.618999999999,9851.268,45.988,0.0019200688693672419
1444,4563.315,16887.888,321.916,0.002083321800455451
1445,7909.746,24276.339,321.916,0.012301092967391014
1446,6997.0830000000005,23924.507999999998,137.964,0.0014306064695119858
1447,10343.514000000001,17943.381,505.86800000000005,0.007762832101434469
1448,13994.166000000001,14776.902,45.988,0.002515717875212431
1449,11864.618999999999,15128.733,45.988,0.00673331506550312
1450,13994.166000000001,10906.761,91.976,0.004974367097020149
1451,18253.26,18295.212,45.988,0.005171590019017458
1452,14906.829,8092.113,321.916,0.006507620681077242
1453,20078.586,16184.226,91.976,0.0034567853435873985
1454,10039.293,15832.395,45.988,0.002690204419195652
1455,22208.132999999998,12314.085,183.952,0.0027328820433467627
1456,12168.84,9499.437,505.86800000000005,0.011782294139266014
1457,10343.514000000001,15480.563999999998,367.904,0.004369162023067474
1458,20991.249,14425.071000000002,275.928,0.009437667205929756
1459,9126.63,9499.437,91.976,0.029310332611203194
1460,7605.525,25331.832000000002,229.94,0.009888396598398685
1461,11560.398000000001,16184.226,45.988,0.009008323773741722
1462,13385.723999999998,9499.437,367.904,0.00640009343624115
1463,5171.7570000000005,16184.226,413.892,0.013725761324167252
1464,20991.249,3166.4790000000003,505.86800000000005,0.0024797332007437944
1465,7909.746,25683.662999999997,367.904,0.006051798351109028
1466,9126.63,11962.253999999999,45.988,0.0033648181706666946
1467,19470.144,16536.057,91.976,0.00794428400695324
1468,9430.851,2462.817,137.964,0.008928809314966202
1469,14602.608,14425.071000000002,229.94,0.0023134637158364058
1470,10647.735,8443.944,45.988,0.005722693167626858
1471,10343.514000000001,10203.099,137.964,0.0016918546753004193
1472,8213.966999999999,3518.31,91.976,0.0028955633752048016
1473,11864.618999999999,10203.099,137.964,0.007809795904904604
1474,8822.409,8795.775,229.94,0.008019376546144485
1475,11864.618999999999,14425.071000000002,321.916,0.008009853772819042
1476,7605.525,23220.846,275.928,0.004991816822439432
1477,10039.293,15832.395,91.976,0.003446883987635374
1478,10039.293,13721.409,505.86800000000005,0.004751009866595268
1479,15211.05,14073.24,45.988,0.007749844342470169
1480,10343.514000000001,16184.226,459.88,0.004923668224364519
1481,18861.702,17591.55,45.988,0.013383306562900543
1482,10647.735,11258.591999999999,137.964,0.0003184732049703598
1483,13385.723999999998,7388.451,183.952,0.001432821387425065
1484,20991.249,13721.409,367.904,0.006518061272799969
1485,10343.514000000001,7740.281999999999,45.988,0.006624144501984119
1486,13689.945,14425.071000000002,229.94,0.006613472942262888
1487,8213.966999999999,14776.902,459.88,0.0023782718926668167
1488,13689.945,8795.775,45.988,0.0026971460320055485
1489,21295.47,13017.747,275.928,0.011381486430764198
1490,20687.028000000002,12665.916000000001,183.952,0.0027202446945011616
1491,10343.514000000001,14073.24,505.86800000000005,0.006508146412670612
1492,19470.144,2814.6479999999997,505.86800000000005,0.012537678703665733
1493,10647.735,15832.395,183.952,0.017447371035814285
1494,11560.398000000001,11610.423,459.88,0.004697449970990419
1495,8518.188,3870.1409999999996,91.976,0.0025402919854968786
1496,10647.735,15832.395,367.904,0.004122704733163118
1497,9126.63,10203.099,91.976,0.018216392025351524
1498,8822.409,9147.606,183.952,0.015399906784296036
1499,10647.735,16184.226,459.88,0.003967033699154854
1500,11256.177,17591.55,459.88,0.009394270367920399
1501,10343.514000000001,16184.226,321.916,0.0031967980321496725
1502,9735.072,3166.4790000000003,137.964,0.005265495739877224
1503,7301.304,25683.662999999997,137.964,0.0022836392745375633
1504,8822.409,23572.677000000003,321.916,0.004670796915888786
1505,11864.618999999999,13369.578000000001,183.952,0.006562996655702591
1506,12168.84,15832.395,45.988,0.005768363364040852
1507,12473.061000000002,8443.944,183.952,0.005207737907767296
1508,9735.072,7388.451,137.964,0.0063284276984632015
1509,11560.398000000001,16536.057,321.916,0.00241494900546968
1510,11864.618999999999,9147.606,459.88,0.0025983292143791914
1511,9430.851,1055.493,45.988,0.003454767633229494
1512,12777.282,14425.071000000002,91.976,0.012856615707278252
1513,23120.796000000002,13369.578000000001,367.904,0.004171476699411869
1514,9430.851,12665.916000000001,321.916,0.007886912673711777
1515,16732.155,15128.733,91.976,0.006449008360505104
1516,14906.829,7388.451,367.904,0.0028955633752048016
1517,20991.249,4221.972,505.86800000000005,0.002179177477955818
1518,8213.966999999999,24628.17,229.94,0.015240997076034546
1519,19774.365,1759.155,459.88,0.0018105818890035152
1520,12168.84,14776.902,137.964,0.010346662253141403
1521,9735.072,15480.563999999998,505.86800000000005,0.013853369280695915
1522,12168.84,16536.057,505.86800000000005,0.007769175339490175
1523,11256.177,15832.395,321.916,0.010651037096977234
1524,12168.84,14776.902,321.916,0.005120297893881798
1525,16123.713,15480.563999999998,183.952,0.003545111743733287
1526,12473.061000000002,11962.253999999999,459.88,0.002060401253402233
1527,12473.061000000002,10906.761,45.988,0.0022466424852609634
1528,7605.525,2462.817,91.976,0.004595042206346989
1529,22512.354,15128.733,367.904,7.623271085321903e-05
1530,13994.166000000001,7036.62,275.928,0.0009508219081908464
1531,3954.873,15480.563999999998,367.904,0.003372544189915061
1532,13689.945,10203.099,229.94,0.01227818988263607
1533,6084.42,16536.057,459.88,0.007721461821347475
1534,12777.282,14425.071000000002,183.952,0.013420062139630318
1535,13994.166000000001,10203.099,183.952,0.006521301809698343
1536,11560.398000000001,9147.606,459.88,0.0025829272344708443
1537,15819.492,13369.578000000001,137.964,0.01490827277302742
1538,9430.851,13721.409,275.928,0.014561017975211143
1539,8518.188,24276.339,183.952,0.010454749688506126
1540,13081.503,11610.423,275.928,0.0014790891436859965
1541,10647.735,14776.902,321.916,0.01586102694272995
1542,12777.282,10203.099,459.88,0.008876694366335869
1543,11256.177,15480.563999999998,183.952,0.02105320617556572
1544,21903.912,13721.409,183.952,0.00946129858493805
1545,10039.293,15480.563999999998,91.976,0.006880004890263081
1546,10647.735,17239.718999999997,229.94,0.001470445073209703
1547,13385.723999999998,8795.775,137.964,0.008226929232478142
1548,9430.851,7036.62,183.952,0.004471249878406525
1549,11560.398000000001,15832.395,91.976,0.013438323512673378
1550,10039.293,3166.4790000000003,45.988,0.006219957955181599
1551,14602.608,7388.451,183.952,0.0023220290895551443
1552,8518.188,7388.451,229.94,0.004253690596669912
1553,10951.956,14776.902,229.94,0.019510312005877495
1554,5171.7570000000005,15832.395,321.916,0.009173957630991936
1555,8822.409,7388.451,45.988,0.007971877232193947
1556,13994.166000000001,9147.606,45.988,0.0029834622982889414
1557,7301.304,23572.677000000003,183.952,0.004161757417023182
1558,21903.912,12665.916000000001,183.952,0.00763239711523056
1559,13689.945,8795.775,275.928,0.01697065681219101
1560,9126.63,2462.817,45.988,0.01572740077972412
1561,18557.481,4221.972,459.88,0.003694075159728527
1562,9430.851,13017.747,367.904,0.007935646921396255
1563,8213.966999999999,25683.662999999997,229.94,0.010837191715836525
1564,10039.293,14425.071000000002,275.928,0.018358327448368073
1565,14906.829,7740.281999999999,367.904,0.003716599429026246
1566,4867.536,15480.563999999998,459.88,0.012778803706169128
1567,16123.713,15480.563999999998,45.988,0.0028730775229632854
1568,9126.63,11258.591999999999,137.964,0.0005897656083106995
1569,4563.315,14073.24,321.916,0.0018921042792499065
1570,22816.575,12314.085,183.952,0.0018448027549311519
1571,8213.966999999999,24276.339,275.928,0.01530645415186882
1572,19165.923,17943.381,91.976,0.009545670822262764
1573,12473.061000000002,14776.902,137.964,0.01126362569630146
1574,8213.966999999999,9851.268,137.964,0.004435753915458918
1575,13081.503,17591.55,459.88,0.0005643973127007484
1576,8822.409,16536.057,459.88,0.0025686442386358976
1577,22816.575,12665.916000000001,367.904,0.003407247830182314
1578,20078.586,2110.986,505.86800000000005,0.002414535265415907
1579,7909.746,10554.93,91.976,0.0019767554476857185
1580,4563.315,16536.057,459.88,0.0016792912501841784
1581,13385.723999999998,10554.93,183.952,0.012864449992775917
1582,9430.851,7740.281999999999,45.988,0.0150226429104805
1583,10951.956,15128.733,183.952,0.019658299162983894
1584,10039.293,15128.733,183.952,0.008279651403427124
1585,8518.188,26387.325,183.952,0.002274901606142521
1586,13081.503,11258.591999999999,505.86800000000005,0.008391709998250008
1587,19470.144,4573.803,459.88,0.005914073437452316
1588,11256.177,15128.733,275.928,0.015694215893745422
1589,13994.166000000001,10203.099,321.916,0.00433588121086359
1590,11560.398000000001,15128.733,91.976,0.011559691280126572
1591,20991.249,14073.24,229.94,0.0077574714086949825
1592,14298.386999999999,13721.409,91.976,0.0030716601759195328
1593,7605.525,26035.494,275.928,0.003961787559092045
1594,12777.282,13721.409,45.988,0.009470151737332344
1595,19165.923,17239.718999999997,91.976,0.010249296203255653
1596,6084.42,14425.071000000002,321.916,0.004333405755460262
1597,22816.575,14073.24,229.94,0.00854251254349947
1598,20991.249,13369.578000000001,367.904,0.006447622552514076
1599,7301.304,25683.662999999997,229.94,0.004737357143312693
1600,9735.072,8443.944,183.952,0.01677551120519638
1601,20687.028000000002,3870.1409999999996,459.88,0.0028955633752048016
1602,18861.702,16887.888,137.964,0.0014434969052672386
1603,19774.365,16887.888,45.988,0.012031212449073792
1604,6997.0830000000005,24980.001,367.904,0.0035704670008271933
1605,10039.293,15480.563999999998,183.952,0.007444359827786684
1606,14602.608,8443.944,183.952,0.0060608405619859695
1607,4259.094,16536.057,459.88,0.000984514830633998
1608,11560.398000000001,15480.563999999998,275.928,0.01301402598619461
1609,9126.63,14776.902,275.928,0.006753424648195505
1610,12473.061000000002,13721.409,45.988,0.008534237742424011
1611,14298.386999999999,9851.268,137.964,0.002693743212148547
1612,21903.912,12314.085,229.94,0.005771133583039045
1613,10647.735,15480.563999999998,367.904,0.00723604392260313
1614,8213.966999999999,2110.986,137.964,0.0065719252452254295
1615,6084.42,16184.226,459.88,0.008583296090364456
1616,10039.293,3166.4790000000003,137.964,0.0028955633752048016
1617,8822.409,15128.733,367.904,0.0022345222532749176
1618,17036.376,13369.578000000001,91.976,0.005859830882400274
1619,11560.398000000001,9851.268,137.964,0.0037724992725998163
